Origin,Destination,Value
Drogheda (MacBride),Laytown,D10
Drogheda (MacBride),Gormanston,D11
Drogheda (MacBride),Balbriggan,D11
Drogheda (MacBride),Skerries,D12
Drogheda (MacBride),Rush and Lusk,D12
Drogheda (MacBride),Donabate,D12
Drogheda (MacBride),Malahide,D91
Drogheda (MacBride),Portmarnock,D91
Drogheda (MacBride),Clongriffin,D91
Drogheda (MacBride),Howth,D91
Drogheda (MacBride),Sutton,D91
Drogheda (MacBride),Bayside,D91
Drogheda (MacBride),Howth Junction and Donaghmede,D91
Drogheda (MacBride),Kilbarrack,D91
Drogheda (MacBride),Raheny,D91
Drogheda (MacBride),Harmonstown,D91
Drogheda (MacBride),Killester,D91
Drogheda (MacBride),Clontarf Road,D91
Drogheda (MacBride),Dublin Connolly,D91
Drogheda (MacBride),Tara Street,D91
Drogheda (MacBride),Dublin Pearse,D91
Drogheda (MacBride),Grand Canal Dock,D91
Drogheda (MacBride),Lansdowne Road,D91
Drogheda (MacBride),Sandymount,D91
Drogheda (MacBride),Sydney Parade,D91
Drogheda (MacBride),Booterstown,D91
Drogheda (MacBride),Blackrock,D91
Drogheda (MacBride),Seapoint,D91
Drogheda (MacBride),Salthill and Monkstown,D91
Drogheda (MacBride),Dun Laoghaire (Mallin),D91
Drogheda (MacBride),Sandycove and Glasthule,D91
Drogheda (MacBride),Glenageary,D91
Drogheda (MacBride),Dalkey,D91
Drogheda (MacBride),Killiney,D91
Drogheda (MacBride),Shankill,D91
Drogheda (MacBride),Bray (Daly),D91
Drogheda (MacBride),Greystones,D92
Drogheda (MacBride),Kilcoole,D92
Drogheda (MacBride),Wicklow,D93
Drogheda (MacBride),Rathdrum,D94
Drogheda (MacBride),Docklands,D91
Drogheda (MacBride),Drumcondra,D91
Drogheda (MacBride),Broombridge,D91
Drogheda (MacBride),Pelletstown,D91
Drogheda (MacBride),Ashtown,D91
Drogheda (MacBride),Navan Road Parkway,D91
Drogheda (MacBride),Castleknock,D91
Drogheda (MacBride),Coolmine,D91
Drogheda (MacBride),Clonsilla,D91
Drogheda (MacBride),Hansfield,D91
Drogheda (MacBride),Dunboyne,D91
Drogheda (MacBride),M3 Parkway,D91
Drogheda (MacBride),Leixlip(Confey),D91
Drogheda (MacBride),Leixlip(Louisa Bridge),D91
Drogheda (MacBride),Maynooth,D91
Drogheda (MacBride),Kilcock,D92
Drogheda (MacBride),Enfield,D93
Laytown,Drogheda (MacBride),D10
Laytown,Gormanston,D10
Laytown,Balbriggan,D10
Laytown,Skerries,D11
Laytown,Rush and Lusk,D11
Laytown,Donabate,D12
Laytown,Malahide,D12
Laytown,Portmarnock,D12
Laytown,Clongriffin,D91
Laytown,Howth,D91
Laytown,Sutton,D91
Laytown,Bayside,D91
Laytown,Howth Junction and Donaghmede,D91
Laytown,Kilbarrack,D91
Laytown,Raheny,D91
Laytown,Harmonstown,D91
Laytown,Killester,D91
Laytown,Clontarf Road,D91
Laytown,Dublin Connolly,D91
Laytown,Tara Street,D91
Laytown,Dublin Pearse,D91
Laytown,Grand Canal Dock,D91
Laytown,Lansdowne Road,D91
Laytown,Sandymount,D91
Laytown,Sydney Parade,D91
Laytown,Booterstown,D91
Laytown,Blackrock,D91
Laytown,Seapoint,D91
Laytown,Salthill and Monkstown,D91
Laytown,Dun Laoghaire (Mallin),D91
Laytown,Sandycove and Glasthule,D91
Laytown,Glenageary,D91
Laytown,Dalkey,D91
Laytown,Killiney,D91
Laytown,Shankill,D91
Laytown,Bray (Daly),D91
Laytown,Greystones,D92
Laytown,Kilcoole,D92
Laytown,Wicklow,D93
Laytown,Rathdrum,D94
Laytown,Docklands,D91
Laytown,Drumcondra,D91
Laytown,Broombridge,D91
Laytown,Pelletstown,D91
Laytown,Ashtown,D91
Laytown,Navan Road Parkway,D91
Laytown,Castleknock,D91
Laytown,Coolmine,D91
Laytown,Clonsilla,D91
Laytown,Hansfield,D91
Laytown,Dunboyne,D91
Laytown,M3 Parkway,D91
Laytown,Leixlip(Confey),D91
Laytown,Leixlip(Louisa Bridge),D91
Laytown,Maynooth,D91
Laytown,Kilcock,D92
Laytown,Enfield,D93
Gormanston,Drogheda (MacBride),D11
Gormanston,Laytown,D10
Gormanston,Balbriggan,D10
Gormanston,Skerries,D10
Gormanston,Rush and Lusk,D11
Gormanston,Donabate,D11
Gormanston,Malahide,D90
Gormanston,Portmarnock,D90
Gormanston,Clongriffin,D90
Gormanston,Howth,D90
Gormanston,Sutton,D90
Gormanston,Bayside,D90
Gormanston,Howth Junction and Donaghmede,D90
Gormanston,Kilbarrack,D90
Gormanston,Raheny,D90
Gormanston,Harmonstown,D90
Gormanston,Killester,D90
Gormanston,Clontarf Road,D90
Gormanston,Dublin Connolly,D90
Gormanston,Tara Street,D90
Gormanston,Dublin Pearse,D90
Gormanston,Grand Canal Dock,D90
Gormanston,Lansdowne Road,D90
Gormanston,Sandymount,D90
Gormanston,Sydney Parade,D90
Gormanston,Booterstown,D90
Gormanston,Blackrock,D90
Gormanston,Seapoint,D90
Gormanston,Salthill and Monkstown,D90
Gormanston,Dun Laoghaire (Mallin),D90
Gormanston,Sandycove and Glasthule,D90
Gormanston,Glenageary,D90
Gormanston,Dalkey,D90
Gormanston,Killiney,D90
Gormanston,Shankill,D90
Gormanston,Bray (Daly),D90
Gormanston,Greystones,D91
Gormanston,Kilcoole,D91
Gormanston,Wicklow,D92
Gormanston,Rathdrum,D93
Gormanston,Docklands,D90
Gormanston,Drumcondra,D90
Gormanston,Broombridge,D90
Gormanston,Pelletstown,D90
Gormanston,Ashtown,D90
Gormanston,Navan Road Parkway,D90
Gormanston,Castleknock,D90
Gormanston,Coolmine,D90
Gormanston,Clonsilla,D90
Gormanston,Hansfield,D90
Gormanston,Dunboyne,D90
Gormanston,M3 Parkway,D90
Gormanston,Leixlip(Confey),D90
Gormanston,Leixlip(Louisa Bridge),D90
Gormanston,Maynooth,D90
Gormanston,Kilcock,D91
Gormanston,Enfield,D92
Balbriggan,Drogheda (MacBride),D11
Balbriggan,Laytown,D10
Balbriggan,Gormanston,D10
Balbriggan,Skerries,D10
Balbriggan,Rush and Lusk,D11
Balbriggan,Donabate,D11
Balbriggan,Malahide,D11
Balbriggan,Portmarnock,D90
Balbriggan,Clongriffin,D90
Balbriggan,Howth,D90
Balbriggan,Sutton,D90
Balbriggan,Bayside,D90
Balbriggan,Howth Junction and Donaghmede,D90
Balbriggan,Kilbarrack,D90
Balbriggan,Raheny,D90
Balbriggan,Harmonstown,D90
Balbriggan,Killester,D90
Balbriggan,Clontarf Road,D90
Balbriggan,Dublin Connolly,D90
Balbriggan,Tara Street,D90
Balbriggan,Dublin Pearse,D90
Balbriggan,Grand Canal Dock,D90
Balbriggan,Lansdowne Road,D90
Balbriggan,Sandymount,D90
Balbriggan,Sydney Parade,D90
Balbriggan,Booterstown,D90
Balbriggan,Blackrock,D90
Balbriggan,Seapoint,D90
Balbriggan,Salthill and Monkstown,D90
Balbriggan,Dun Laoghaire (Mallin),D90
Balbriggan,Sandycove and Glasthule,D90
Balbriggan,Glenageary,D90
Balbriggan,Dalkey,D90
Balbriggan,Killiney,D90
Balbriggan,Shankill,D90
Balbriggan,Bray (Daly),D90
Balbriggan,Greystones,D91
Balbriggan,Kilcoole,D91
Balbriggan,Wicklow,D92
Balbriggan,Rathdrum,D93
Balbriggan,Docklands,D90
Balbriggan,Drumcondra,D90
Balbriggan,Broombridge,D90
Balbriggan,Pelletstown,D90
Balbriggan,Ashtown,D90
Balbriggan,Navan Road Parkway,D90
Balbriggan,Castleknock,D90
Balbriggan,Coolmine,D90
Balbriggan,Clonsilla,D90
Balbriggan,Hansfield,D90
Balbriggan,Dunboyne,D90
Balbriggan,M3 Parkway,D90
Balbriggan,Leixlip(Confey),D90
Balbriggan,Leixlip(Louisa Bridge),D90
Balbriggan,Maynooth,D90
Balbriggan,Kilcock,D91
Balbriggan,Enfield,D92
Skerries,Drogheda (MacBride),D12
Skerries,Laytown,D11
Skerries,Gormanston,D10
Skerries,Balbriggan,D10
Skerries,Rush and Lusk,D10
Skerries,Donabate,D11
Skerries,Malahide,D11
Skerries,Portmarnock,D11
Skerries,Clongriffin,D11
Skerries,Howth,D90
Skerries,Sutton,D90
Skerries,Bayside,D90
Skerries,Howth Junction and Donaghmede,D90
Skerries,Kilbarrack,D90
Skerries,Raheny,D90
Skerries,Harmonstown,D90
Skerries,Killester,D90
Skerries,Clontarf Road,D90
Skerries,Dublin Connolly,D90
Skerries,Tara Street,D90
Skerries,Dublin Pearse,D90
Skerries,Grand Canal Dock,D90
Skerries,Lansdowne Road,D90
Skerries,Sandymount,D90
Skerries,Sydney Parade,D90
Skerries,Booterstown,D90
Skerries,Blackrock,D90
Skerries,Seapoint,D90
Skerries,Salthill and Monkstown,D90
Skerries,Dun Laoghaire (Mallin),D90
Skerries,Sandycove and Glasthule,D90
Skerries,Glenageary,D90
Skerries,Dalkey,D90
Skerries,Killiney,D90
Skerries,Shankill,D90
Skerries,Bray (Daly),D90
Skerries,Greystones,D91
Skerries,Kilcoole,D91
Skerries,Wicklow,D92
Skerries,Rathdrum,D93
Skerries,Docklands,D90
Skerries,Drumcondra,D90
Skerries,Broombridge,D90
Skerries,Pelletstown,D90
Skerries,Ashtown,D90
Skerries,Navan Road Parkway,D90
Skerries,Castleknock,D90
Skerries,Coolmine,D90
Skerries,Clonsilla,D90
Skerries,Hansfield,D90
Skerries,Dunboyne,D90
Skerries,M3 Parkway,D90
Skerries,Leixlip(Confey),D90
Skerries,Leixlip(Louisa Bridge),D90
Skerries,Maynooth,D90
Skerries,Kilcock,D91
Skerries,Enfield,D92
Rush and Lusk,Drogheda (MacBride),D12
Rush and Lusk,Laytown,D11
Rush and Lusk,Gormanston,D11
Rush and Lusk,Balbriggan,D11
Rush and Lusk,Skerries,D10
Rush and Lusk,Donabate,D2
Rush and Lusk,Malahide,D2
Rush and Lusk,Portmarnock,D2
Rush and Lusk,Clongriffin,D2
Rush and Lusk,Howth,D2
Rush and Lusk,Sutton,D2
Rush and Lusk,Bayside,D2
Rush and Lusk,Howth Junction and Donaghmede,D2
Rush and Lusk,Kilbarrack,D2
Rush and Lusk,Raheny,D2
Rush and Lusk,Harmonstown,D2
Rush and Lusk,Killester,D2
Rush and Lusk,Clontarf Road,D2
Rush and Lusk,Dublin Connolly,D2
Rush and Lusk,Tara Street,D2
Rush and Lusk,Dublin Pearse,D2
Rush and Lusk,Grand Canal Dock,D2
Rush and Lusk,Lansdowne Road,D2
Rush and Lusk,Sandymount,D2
Rush and Lusk,Sydney Parade,D2
Rush and Lusk,Booterstown,D2
Rush and Lusk,Blackrock,D2
Rush and Lusk,Seapoint,D2
Rush and Lusk,Salthill and Monkstown,D2
Rush and Lusk,Dun Laoghaire (Mallin),D2
Rush and Lusk,Sandycove and Glasthule,D2
Rush and Lusk,Glenageary,D2
Rush and Lusk,Dalkey,D2
Rush and Lusk,Killiney,D2
Rush and Lusk,Shankill,D2
Rush and Lusk,Bray (Daly),D2
Rush and Lusk,Greystones,D90
Rush and Lusk,Kilcoole,D90
Rush and Lusk,Wicklow,D91
Rush and Lusk,Rathdrum,D92
Rush and Lusk,Docklands,D2
Rush and Lusk,Drumcondra,D2
Rush and Lusk,Broombridge,D2
Rush and Lusk,Pelletstown,D2
Rush and Lusk,Ashtown,D2
Rush and Lusk,Navan Road Parkway,D2
Rush and Lusk,Castleknock,D2
Rush and Lusk,Coolmine,D2
Rush and Lusk,Clonsilla,D2
Rush and Lusk,Hansfield,D2
Rush and Lusk,Dunboyne,D2
Rush and Lusk,M3 Parkway,D2
Rush and Lusk,Leixlip(Confey),D2
Rush and Lusk,Leixlip(Louisa Bridge),D2
Rush and Lusk,Maynooth,D2
Rush and Lusk,Kilcock,D90
Rush and Lusk,Enfield,D91
Donabate,Drogheda (MacBride),D12
Donabate,Laytown,D12
Donabate,Gormanston,D11
Donabate,Balbriggan,D11
Donabate,Skerries,D11
Donabate,Rush and Lusk,D2
Donabate,Malahide,D2
Donabate,Portmarnock,D2
Donabate,Clongriffin,D2
Donabate,Howth,D2
Donabate,Sutton,D2
Donabate,Bayside,D2
Donabate,Howth Junction and Donaghmede,D2
Donabate,Kilbarrack,D2
Donabate,Raheny,D2
Donabate,Harmonstown,D2
Donabate,Killester,D2
Donabate,Clontarf Road,D2
Donabate,Dublin Connolly,D2
Donabate,Tara Street,D2
Donabate,Dublin Pearse,D2
Donabate,Grand Canal Dock,D2
Donabate,Lansdowne Road,D2
Donabate,Sandymount,D2
Donabate,Sydney Parade,D2
Donabate,Booterstown,D2
Donabate,Blackrock,D2
Donabate,Seapoint,D2
Donabate,Salthill and Monkstown,D2
Donabate,Dun Laoghaire (Mallin),D2
Donabate,Sandycove and Glasthule,D2
Donabate,Glenageary,D2
Donabate,Dalkey,D2
Donabate,Killiney,D2
Donabate,Shankill,D2
Donabate,Bray (Daly),D2
Donabate,Greystones,D90
Donabate,Kilcoole,D90
Donabate,Wicklow,D91
Donabate,Rathdrum,D92
Donabate,Docklands,D2
Donabate,Drumcondra,D2
Donabate,Broombridge,D2
Donabate,Pelletstown,D2
Donabate,Ashtown,D2
Donabate,Navan Road Parkway,D2
Donabate,Castleknock,D2
Donabate,Coolmine,D2
Donabate,Clonsilla,D2
Donabate,Hansfield,D2
Donabate,Dunboyne,D2
Donabate,M3 Parkway,D2
Donabate,Leixlip(Confey),D2
Donabate,Leixlip(Louisa Bridge),D2
Donabate,Maynooth,D2
Donabate,Kilcock,D90
Donabate,Enfield,D91
Malahide,Drogheda (MacBride),D91
Malahide,Laytown,D12
Malahide,Gormanston,D90
Malahide,Balbriggan,D11
Malahide,Skerries,D11
Malahide,Rush and Lusk,D2
Malahide,Donabate,D2
Malahide,Portmarnock,D2
Malahide,Clongriffin,D2
Malahide,Howth,D2
Malahide,Sutton,D2
Malahide,Bayside,D2
Malahide,Howth Junction and Donaghmede,D2
Malahide,Kilbarrack,D2
Malahide,Raheny,D2
Malahide,Harmonstown,D2
Malahide,Killester,D2
Malahide,Clontarf Road,D2
Malahide,Dublin Connolly,D2
Malahide,Tara Street,D2
Malahide,Dublin Pearse,D2
Malahide,Grand Canal Dock,D2
Malahide,Lansdowne Road,D2
Malahide,Sandymount,D2
Malahide,Sydney Parade,D2
Malahide,Booterstown,D2
Malahide,Blackrock,D2
Malahide,Seapoint,D2
Malahide,Salthill and Monkstown,D2
Malahide,Dun Laoghaire (Mallin),D2
Malahide,Sandycove and Glasthule,D2
Malahide,Glenageary,D2
Malahide,Dalkey,D2
Malahide,Killiney,D2
Malahide,Shankill,D2
Malahide,Bray (Daly),D2
Malahide,Greystones,D90
Malahide,Kilcoole,D90
Malahide,Wicklow,D91
Malahide,Rathdrum,D92
Malahide,Docklands,D2
Malahide,Drumcondra,D2
Malahide,Broombridge,D2
Malahide,Pelletstown,D2
Malahide,Ashtown,D2
Malahide,Navan Road Parkway,D2
Malahide,Castleknock,D2
Malahide,Coolmine,D2
Malahide,Clonsilla,D2
Malahide,Hansfield,D2
Malahide,Dunboyne,D2
Malahide,M3 Parkway,D2
Malahide,Leixlip(Confey),D2
Malahide,Leixlip(Louisa Bridge),D2
Malahide,Maynooth,D2
Malahide,Kilcock,D90
Malahide,Enfield,D91
Portmarnock,Drogheda (MacBride),D91
Portmarnock,Laytown,D12
Portmarnock,Gormanston,D90
Portmarnock,Balbriggan,D90
Portmarnock,Skerries,D11
Portmarnock,Rush and Lusk,D2
Portmarnock,Donabate,D2
Portmarnock,Malahide,D2
Portmarnock,Clongriffin,D1
Portmarnock,Howth,D2
Portmarnock,Sutton,D2
Portmarnock,Bayside,D2
Portmarnock,Howth Junction and Donaghmede,D1
Portmarnock,Kilbarrack,D2
Portmarnock,Raheny,D2
Portmarnock,Harmonstown,D2
Portmarnock,Killester,D2
Portmarnock,Clontarf Road,D2
Portmarnock,Dublin Connolly,D2
Portmarnock,Tara Street,D2
Portmarnock,Dublin Pearse,D2
Portmarnock,Grand Canal Dock,D2
Portmarnock,Lansdowne Road,D2
Portmarnock,Sandymount,D2
Portmarnock,Sydney Parade,D2
Portmarnock,Booterstown,D2
Portmarnock,Blackrock,D2
Portmarnock,Seapoint,D2
Portmarnock,Salthill and Monkstown,D2
Portmarnock,Dun Laoghaire (Mallin),D2
Portmarnock,Sandycove and Glasthule,D2
Portmarnock,Glenageary,D2
Portmarnock,Dalkey,D2
Portmarnock,Killiney,D2
Portmarnock,Shankill,D2
Portmarnock,Bray (Daly),D2
Portmarnock,Greystones,D90
Portmarnock,Kilcoole,D90
Portmarnock,Wicklow,D91
Portmarnock,Rathdrum,D92
Portmarnock,Docklands,D2
Portmarnock,Drumcondra,D2
Portmarnock,Broombridge,D2
Portmarnock,Pelletstown,D2
Portmarnock,Ashtown,D2
Portmarnock,Navan Road Parkway,D2
Portmarnock,Castleknock,D2
Portmarnock,Coolmine,D2
Portmarnock,Clonsilla,D2
Portmarnock,Hansfield,D2
Portmarnock,Dunboyne,D2
Portmarnock,M3 Parkway,D2
Portmarnock,Leixlip(Confey),D2
Portmarnock,Leixlip(Louisa Bridge),D2
Portmarnock,Maynooth,D2
Portmarnock,Kilcock,D90
Portmarnock,Enfield,D91
Clongriffin,Drogheda (MacBride),D91
Clongriffin,Laytown,D91
Clongriffin,Gormanston,D90
Clongriffin,Balbriggan,D90
Clongriffin,Skerries,D11
Clongriffin,Rush and Lusk,D2
Clongriffin,Donabate,D2
Clongriffin,Malahide,D2
Clongriffin,Portmarnock,D1
Clongriffin,Howth,D2
Clongriffin,Sutton,D1
Clongriffin,Bayside,D1
Clongriffin,Howth Junction and Donaghmede,D1
Clongriffin,Kilbarrack,D1
Clongriffin,Raheny,D1
Clongriffin,Harmonstown,D2
Clongriffin,Killester,D2
Clongriffin,Clontarf Road,D2
Clongriffin,Dublin Connolly,D2
Clongriffin,Tara Street,D2
Clongriffin,Dublin Pearse,D2
Clongriffin,Grand Canal Dock,D2
Clongriffin,Lansdowne Road,D2
Clongriffin,Sandymount,D2
Clongriffin,Sydney Parade,D2
Clongriffin,Booterstown,D2
Clongriffin,Blackrock,D2
Clongriffin,Seapoint,D2
Clongriffin,Salthill and Monkstown,D2
Clongriffin,Dun Laoghaire (Mallin),D2
Clongriffin,Sandycove and Glasthule,D2
Clongriffin,Glenageary,D2
Clongriffin,Dalkey,D2
Clongriffin,Killiney,D2
Clongriffin,Shankill,D2
Clongriffin,Bray (Daly),D2
Clongriffin,Greystones,D90
Clongriffin,Kilcoole,D90
Clongriffin,Wicklow,D91
Clongriffin,Rathdrum,D92
Clongriffin,Docklands,D2
Clongriffin,Drumcondra,D2
Clongriffin,Broombridge,D2
Clongriffin,Pelletstown,D2
Clongriffin,Ashtown,D2
Clongriffin,Navan Road Parkway,D2
Clongriffin,Castleknock,D2
Clongriffin,Coolmine,D2
Clongriffin,Clonsilla,D2
Clongriffin,Hansfield,D2
Clongriffin,Dunboyne,D2
Clongriffin,M3 Parkway,D2
Clongriffin,Leixlip(Confey),D2
Clongriffin,Leixlip(Louisa Bridge),D2
Clongriffin,Maynooth,D2
Clongriffin,Kilcock,D90
Clongriffin,Enfield,D91
Howth,Drogheda (MacBride),D91
Howth,Laytown,D91
Howth,Gormanston,D90
Howth,Balbriggan,D90
Howth,Skerries,D90
Howth,Rush and Lusk,D2
Howth,Donabate,D2
Howth,Malahide,D2
Howth,Portmarnock,D2
Howth,Clongriffin,D2
Howth,Sutton,D1
Howth,Bayside,D2
Howth,Howth Junction and Donaghmede,D2
Howth,Kilbarrack,D2
Howth,Raheny,D2
Howth,Harmonstown,D2
Howth,Killester,D2
Howth,Clontarf Road,D2
Howth,Dublin Connolly,D2
Howth,Tara Street,D2
Howth,Dublin Pearse,D2
Howth,Grand Canal Dock,D2
Howth,Lansdowne Road,D2
Howth,Sandymount,D2
Howth,Sydney Parade,D2
Howth,Booterstown,D2
Howth,Blackrock,D2
Howth,Seapoint,D2
Howth,Salthill and Monkstown,D2
Howth,Dun Laoghaire (Mallin),D2
Howth,Sandycove and Glasthule,D2
Howth,Glenageary,D2
Howth,Dalkey,D2
Howth,Killiney,D2
Howth,Shankill,D2
Howth,Bray (Daly),D2
Howth,Greystones,D90
Howth,Kilcoole,D90
Howth,Wicklow,D91
Howth,Rathdrum,D92
Howth,Docklands,D2
Howth,Drumcondra,D2
Howth,Broombridge,D2
Howth,Pelletstown,D2
Howth,Ashtown,D2
Howth,Navan Road Parkway,D2
Howth,Castleknock,D2
Howth,Coolmine,D2
Howth,Clonsilla,D2
Howth,Hansfield,D2
Howth,Dunboyne,D2
Howth,M3 Parkway,D2
Howth,Leixlip(Confey),D2
Howth,Leixlip(Louisa Bridge),D2
Howth,Maynooth,D2
Howth,Kilcock,D90
Howth,Enfield,D91
Sutton,Drogheda (MacBride),D91
Sutton,Laytown,D91
Sutton,Gormanston,D90
Sutton,Balbriggan,D90
Sutton,Skerries,D90
Sutton,Rush and Lusk,D2
Sutton,Donabate,D2
Sutton,Malahide,D2
Sutton,Portmarnock,D2
Sutton,Clongriffin,D1
Sutton,Howth,D1
Sutton,Bayside,D1
Sutton,Howth Junction and Donaghmede,D1
Sutton,Kilbarrack,D2
Sutton,Raheny,D2
Sutton,Harmonstown,D2
Sutton,Killester,D2
Sutton,Clontarf Road,D2
Sutton,Dublin Connolly,D2
Sutton,Tara Street,D2
Sutton,Dublin Pearse,D2
Sutton,Grand Canal Dock,D2
Sutton,Lansdowne Road,D2
Sutton,Sandymount,D2
Sutton,Sydney Parade,D2
Sutton,Booterstown,D2
Sutton,Blackrock,D2
Sutton,Seapoint,D2
Sutton,Salthill and Monkstown,D2
Sutton,Dun Laoghaire (Mallin),D2
Sutton,Sandycove and Glasthule,D2
Sutton,Glenageary,D2
Sutton,Dalkey,D2
Sutton,Killiney,D2
Sutton,Shankill,D2
Sutton,Bray (Daly),D2
Sutton,Greystones,D90
Sutton,Kilcoole,D90
Sutton,Wicklow,D91
Sutton,Rathdrum,D92
Sutton,Docklands,D2
Sutton,Drumcondra,D2
Sutton,Broombridge,D2
Sutton,Pelletstown,D2
Sutton,Ashtown,D2
Sutton,Navan Road Parkway,D2
Sutton,Castleknock,D2
Sutton,Coolmine,D2
Sutton,Clonsilla,D2
Sutton,Hansfield,D2
Sutton,Dunboyne,D2
Sutton,M3 Parkway,D2
Sutton,Leixlip(Confey),D2
Sutton,Leixlip(Louisa Bridge),D2
Sutton,Maynooth,D2
Sutton,Kilcock,D90
Sutton,Enfield,D91
Bayside,Drogheda (MacBride),D91
Bayside,Laytown,D91
Bayside,Gormanston,D90
Bayside,Balbriggan,D90
Bayside,Skerries,D90
Bayside,Rush and Lusk,D2
Bayside,Donabate,D2
Bayside,Malahide,D2
Bayside,Portmarnock,D2
Bayside,Clongriffin,D1
Bayside,Howth,D2
Bayside,Sutton,D1
Bayside,Howth Junction and Donaghmede,D1
Bayside,Kilbarrack,D1
Bayside,Raheny,D1
Bayside,Harmonstown,D2
Bayside,Killester,D2
Bayside,Clontarf Road,D2
Bayside,Dublin Connolly,D2
Bayside,Tara Street,D2
Bayside,Dublin Pearse,D2
Bayside,Grand Canal Dock,D2
Bayside,Lansdowne Road,D2
Bayside,Sandymount,D2
Bayside,Sydney Parade,D2
Bayside,Booterstown,D2
Bayside,Blackrock,D2
Bayside,Seapoint,D2
Bayside,Salthill and Monkstown,D2
Bayside,Dun Laoghaire (Mallin),D2
Bayside,Sandycove and Glasthule,D2
Bayside,Glenageary,D2
Bayside,Dalkey,D2
Bayside,Killiney,D2
Bayside,Shankill,D2
Bayside,Bray (Daly),D2
Bayside,Greystones,D90
Bayside,Kilcoole,D90
Bayside,Wicklow,D91
Bayside,Rathdrum,D92
Bayside,Docklands,D2
Bayside,Drumcondra,D2
Bayside,Broombridge,D2
Bayside,Pelletstown,D2
Bayside,Ashtown,D2
Bayside,Navan Road Parkway,D2
Bayside,Castleknock,D2
Bayside,Coolmine,D2
Bayside,Clonsilla,D2
Bayside,Hansfield,D2
Bayside,Dunboyne,D2
Bayside,M3 Parkway,D2
Bayside,Leixlip(Confey),D2
Bayside,Leixlip(Louisa Bridge),D2
Bayside,Maynooth,D2
Bayside,Kilcock,D90
Bayside,Enfield,D91
Howth Junction and Donaghmede,Drogheda (MacBride),D91
Howth Junction and Donaghmede,Laytown,D91
Howth Junction and Donaghmede,Gormanston,D90
Howth Junction and Donaghmede,Balbriggan,D90
Howth Junction and Donaghmede,Skerries,D90
Howth Junction and Donaghmede,Rush and Lusk,D2
Howth Junction and Donaghmede,Donabate,D2
Howth Junction and Donaghmede,Malahide,D2
Howth Junction and Donaghmede,Portmarnock,D1
Howth Junction and Donaghmede,Clongriffin,D1
Howth Junction and Donaghmede,Howth,D2
Howth Junction and Donaghmede,Sutton,D1
Howth Junction and Donaghmede,Bayside,D1
Howth Junction and Donaghmede,Kilbarrack,D1
Howth Junction and Donaghmede,Raheny,D1
Howth Junction and Donaghmede,Harmonstown,D1
Howth Junction and Donaghmede,Killester,D2
Howth Junction and Donaghmede,Clontarf Road,D2
Howth Junction and Donaghmede,Dublin Connolly,D2
Howth Junction and Donaghmede,Tara Street,D2
Howth Junction and Donaghmede,Dublin Pearse,D2
Howth Junction and Donaghmede,Grand Canal Dock,D2
Howth Junction and Donaghmede,Lansdowne Road,D2
Howth Junction and Donaghmede,Sandymount,D2
Howth Junction and Donaghmede,Sydney Parade,D2
Howth Junction and Donaghmede,Booterstown,D2
Howth Junction and Donaghmede,Blackrock,D2
Howth Junction and Donaghmede,Seapoint,D2
Howth Junction and Donaghmede,Salthill and Monkstown,D2
Howth Junction and Donaghmede,Dun Laoghaire (Mallin),D2
Howth Junction and Donaghmede,Sandycove and Glasthule,D2
Howth Junction and Donaghmede,Glenageary,D2
Howth Junction and Donaghmede,Dalkey,D2
Howth Junction and Donaghmede,Killiney,D2
Howth Junction and Donaghmede,Shankill,D2
Howth Junction and Donaghmede,Bray (Daly),D2
Howth Junction and Donaghmede,Greystones,D90
Howth Junction and Donaghmede,Kilcoole,D90
Howth Junction and Donaghmede,Wicklow,D91
Howth Junction and Donaghmede,Rathdrum,D92
Howth Junction and Donaghmede,Docklands,D2
Howth Junction and Donaghmede,Drumcondra,D2
Howth Junction and Donaghmede,Broombridge,D2
Howth Junction and Donaghmede,Pelletstown,D2
Howth Junction and Donaghmede,Ashtown,D2
Howth Junction and Donaghmede,Navan Road Parkway,D2
Howth Junction and Donaghmede,Castleknock,D2
Howth Junction and Donaghmede,Coolmine,D2
Howth Junction and Donaghmede,Clonsilla,D2
Howth Junction and Donaghmede,Hansfield,D2
Howth Junction and Donaghmede,Dunboyne,D2
Howth Junction and Donaghmede,M3 Parkway,D2
Howth Junction and Donaghmede,Leixlip(Confey),D2
Howth Junction and Donaghmede,Leixlip(Louisa Bridge),D2
Howth Junction and Donaghmede,Maynooth,D2
Howth Junction and Donaghmede,Kilcock,D90
Howth Junction and Donaghmede,Enfield,D91
Kilbarrack,Drogheda (MacBride),D91
Kilbarrack,Laytown,D91
Kilbarrack,Gormanston,D90
Kilbarrack,Balbriggan,D90
Kilbarrack,Skerries,D90
Kilbarrack,Rush and Lusk,D2
Kilbarrack,Donabate,D2
Kilbarrack,Malahide,D2
Kilbarrack,Portmarnock,D2
Kilbarrack,Clongriffin,D1
Kilbarrack,Howth,D2
Kilbarrack,Sutton,D2
Kilbarrack,Bayside,D1
Kilbarrack,Howth Junction and Donaghmede,D1
Kilbarrack,Raheny,D1
Kilbarrack,Harmonstown,D1
Kilbarrack,Killester,D2
Kilbarrack,Clontarf Road,D2
Kilbarrack,Dublin Connolly,D2
Kilbarrack,Tara Street,D2
Kilbarrack,Dublin Pearse,D2
Kilbarrack,Grand Canal Dock,D2
Kilbarrack,Lansdowne Road,D2
Kilbarrack,Sandymount,D2
Kilbarrack,Sydney Parade,D2
Kilbarrack,Booterstown,D2
Kilbarrack,Blackrock,D2
Kilbarrack,Seapoint,D2
Kilbarrack,Salthill and Monkstown,D2
Kilbarrack,Dun Laoghaire (Mallin),D2
Kilbarrack,Sandycove and Glasthule,D2
Kilbarrack,Glenageary,D2
Kilbarrack,Dalkey,D2
Kilbarrack,Killiney,D2
Kilbarrack,Shankill,D2
Kilbarrack,Bray (Daly),D2
Kilbarrack,Greystones,D90
Kilbarrack,Kilcoole,D90
Kilbarrack,Wicklow,D91
Kilbarrack,Rathdrum,D92
Kilbarrack,Docklands,D2
Kilbarrack,Drumcondra,D2
Kilbarrack,Broombridge,D2
Kilbarrack,Pelletstown,D2
Kilbarrack,Ashtown,D2
Kilbarrack,Navan Road Parkway,D2
Kilbarrack,Castleknock,D2
Kilbarrack,Coolmine,D2
Kilbarrack,Clonsilla,D2
Kilbarrack,Hansfield,D2
Kilbarrack,Dunboyne,D2
Kilbarrack,M3 Parkway,D2
Kilbarrack,Leixlip(Confey),D2
Kilbarrack,Leixlip(Louisa Bridge),D2
Kilbarrack,Maynooth,D2
Kilbarrack,Kilcock,D90
Kilbarrack,Enfield,D91
Raheny,Drogheda (MacBride),D91
Raheny,Laytown,D91
Raheny,Gormanston,D90
Raheny,Balbriggan,D90
Raheny,Skerries,D90
Raheny,Rush and Lusk,D2
Raheny,Donabate,D2
Raheny,Malahide,D2
Raheny,Portmarnock,D2
Raheny,Clongriffin,D1
Raheny,Howth,D2
Raheny,Sutton,D2
Raheny,Bayside,D1
Raheny,Howth Junction and Donaghmede,D1
Raheny,Kilbarrack,D1
Raheny,Harmonstown,D1
Raheny,Killester,D1
Raheny,Clontarf Road,D2
Raheny,Dublin Connolly,D2
Raheny,Tara Street,D2
Raheny,Dublin Pearse,D2
Raheny,Grand Canal Dock,D2
Raheny,Lansdowne Road,D2
Raheny,Sandymount,D2
Raheny,Sydney Parade,D2
Raheny,Booterstown,D2
Raheny,Blackrock,D2
Raheny,Seapoint,D2
Raheny,Salthill and Monkstown,D2
Raheny,Dun Laoghaire (Mallin),D2
Raheny,Sandycove and Glasthule,D2
Raheny,Glenageary,D2
Raheny,Dalkey,D2
Raheny,Killiney,D2
Raheny,Shankill,D2
Raheny,Bray (Daly),D2
Raheny,Greystones,D90
Raheny,Kilcoole,D90
Raheny,Wicklow,D91
Raheny,Rathdrum,D92
Raheny,Docklands,D2
Raheny,Drumcondra,D2
Raheny,Broombridge,D2
Raheny,Pelletstown,D2
Raheny,Ashtown,D2
Raheny,Navan Road Parkway,D2
Raheny,Castleknock,D2
Raheny,Coolmine,D2
Raheny,Clonsilla,D2
Raheny,Hansfield,D2
Raheny,Dunboyne,D2
Raheny,M3 Parkway,D2
Raheny,Leixlip(Confey),D2
Raheny,Leixlip(Louisa Bridge),D2
Raheny,Maynooth,D2
Raheny,Kilcock,D90
Raheny,Enfield,D91
Harmonstown,Drogheda (MacBride),D91
Harmonstown,Laytown,D91
Harmonstown,Gormanston,D90
Harmonstown,Balbriggan,D90
Harmonstown,Skerries,D90
Harmonstown,Rush and Lusk,D2
Harmonstown,Donabate,D2
Harmonstown,Malahide,D2
Harmonstown,Portmarnock,D2
Harmonstown,Clongriffin,D2
Harmonstown,Howth,D2
Harmonstown,Sutton,D2
Harmonstown,Bayside,D2
Harmonstown,Howth Junction and Donaghmede,D1
Harmonstown,Kilbarrack,D1
Harmonstown,Raheny,D1
Harmonstown,Killester,D1
Harmonstown,Clontarf Road,D1
Harmonstown,Dublin Connolly,D2
Harmonstown,Tara Street,D2
Harmonstown,Dublin Pearse,D2
Harmonstown,Grand Canal Dock,D2
Harmonstown,Lansdowne Road,D2
Harmonstown,Sandymount,D2
Harmonstown,Sydney Parade,D2
Harmonstown,Booterstown,D2
Harmonstown,Blackrock,D2
Harmonstown,Seapoint,D2
Harmonstown,Salthill and Monkstown,D2
Harmonstown,Dun Laoghaire (Mallin),D2
Harmonstown,Sandycove and Glasthule,D2
Harmonstown,Glenageary,D2
Harmonstown,Dalkey,D2
Harmonstown,Killiney,D2
Harmonstown,Shankill,D2
Harmonstown,Bray (Daly),D2
Harmonstown,Greystones,D90
Harmonstown,Kilcoole,D90
Harmonstown,Wicklow,D91
Harmonstown,Rathdrum,D92
Harmonstown,Docklands,D2
Harmonstown,Drumcondra,D2
Harmonstown,Broombridge,D2
Harmonstown,Pelletstown,D2
Harmonstown,Ashtown,D2
Harmonstown,Navan Road Parkway,D2
Harmonstown,Castleknock,D2
Harmonstown,Coolmine,D2
Harmonstown,Clonsilla,D2
Harmonstown,Hansfield,D2
Harmonstown,Dunboyne,D2
Harmonstown,M3 Parkway,D2
Harmonstown,Leixlip(Confey),D2
Harmonstown,Leixlip(Louisa Bridge),D2
Harmonstown,Maynooth,D2
Harmonstown,Kilcock,D90
Harmonstown,Enfield,D91
Killester,Drogheda (MacBride),D91
Killester,Laytown,D91
Killester,Gormanston,D90
Killester,Balbriggan,D90
Killester,Skerries,D90
Killester,Rush and Lusk,D2
Killester,Donabate,D2
Killester,Malahide,D2
Killester,Portmarnock,D2
Killester,Clongriffin,D2
Killester,Howth,D2
Killester,Sutton,D2
Killester,Bayside,D2
Killester,Howth Junction and Donaghmede,D2
Killester,Kilbarrack,D2
Killester,Raheny,D1
Killester,Harmonstown,D1
Killester,Clontarf Road,D1
Killester,Dublin Connolly,D2
Killester,Tara Street,D2
Killester,Dublin Pearse,D2
Killester,Grand Canal Dock,D2
Killester,Lansdowne Road,D2
Killester,Sandymount,D2
Killester,Sydney Parade,D2
Killester,Booterstown,D2
Killester,Blackrock,D2
Killester,Seapoint,D2
Killester,Salthill and Monkstown,D2
Killester,Dun Laoghaire (Mallin),D2
Killester,Sandycove and Glasthule,D2
Killester,Glenageary,D2
Killester,Dalkey,D2
Killester,Killiney,D2
Killester,Shankill,D2
Killester,Bray (Daly),D2
Killester,Greystones,D90
Killester,Kilcoole,D90
Killester,Wicklow,D91
Killester,Rathdrum,D92
Killester,Docklands,D2
Killester,Drumcondra,D2
Killester,Broombridge,D2
Killester,Pelletstown,D2
Killester,Ashtown,D2
Killester,Navan Road Parkway,D2
Killester,Castleknock,D2
Killester,Coolmine,D2
Killester,Clonsilla,D2
Killester,Hansfield,D2
Killester,Dunboyne,D2
Killester,M3 Parkway,D2
Killester,Leixlip(Confey),D2
Killester,Leixlip(Louisa Bridge),D2
Killester,Maynooth,D2
Killester,Kilcock,D90
Killester,Enfield,D91
Clontarf Road,Drogheda (MacBride),D91
Clontarf Road,Laytown,D91
Clontarf Road,Gormanston,D90
Clontarf Road,Balbriggan,D90
Clontarf Road,Skerries,D90
Clontarf Road,Rush and Lusk,D2
Clontarf Road,Donabate,D2
Clontarf Road,Malahide,D2
Clontarf Road,Portmarnock,D2
Clontarf Road,Clongriffin,D2
Clontarf Road,Howth,D2
Clontarf Road,Sutton,D2
Clontarf Road,Bayside,D2
Clontarf Road,Howth Junction and Donaghmede,D2
Clontarf Road,Kilbarrack,D2
Clontarf Road,Raheny,D2
Clontarf Road,Harmonstown,D1
Clontarf Road,Killester,D1
Clontarf Road,Dublin Connolly,D1
Clontarf Road,Tara Street,D1
Clontarf Road,Dublin Pearse,D1
Clontarf Road,Grand Canal Dock,D1
Clontarf Road,Lansdowne Road,D2
Clontarf Road,Sandymount,D2
Clontarf Road,Sydney Parade,D2
Clontarf Road,Booterstown,D2
Clontarf Road,Blackrock,D2
Clontarf Road,Seapoint,D2
Clontarf Road,Salthill and Monkstown,D2
Clontarf Road,Dun Laoghaire (Mallin),D2
Clontarf Road,Sandycove and Glasthule,D2
Clontarf Road,Glenageary,D2
Clontarf Road,Dalkey,D2
Clontarf Road,Killiney,D2
Clontarf Road,Shankill,D2
Clontarf Road,Bray (Daly),D2
Clontarf Road,Greystones,D90
Clontarf Road,Kilcoole,D90
Clontarf Road,Wicklow,D91
Clontarf Road,Rathdrum,D92
Clontarf Road,Docklands,D2
Clontarf Road,Drumcondra,D1
Clontarf Road,Broombridge,D2
Clontarf Road,Pelletstown,D2
Clontarf Road,Ashtown,D2
Clontarf Road,Navan Road Parkway,D2
Clontarf Road,Castleknock,D2
Clontarf Road,Coolmine,D2
Clontarf Road,Clonsilla,D2
Clontarf Road,Hansfield,D2
Clontarf Road,Dunboyne,D2
Clontarf Road,M3 Parkway,D2
Clontarf Road,Leixlip(Confey),D2
Clontarf Road,Leixlip(Louisa Bridge),D2
Clontarf Road,Maynooth,D2
Clontarf Road,Kilcock,D90
Clontarf Road,Enfield,D91
Dublin Connolly,Drogheda (MacBride),D91
Dublin Connolly,Laytown,D91
Dublin Connolly,Gormanston,D90
Dublin Connolly,Balbriggan,D90
Dublin Connolly,Skerries,D90
Dublin Connolly,Rush and Lusk,D2
Dublin Connolly,Donabate,D2
Dublin Connolly,Malahide,D2
Dublin Connolly,Portmarnock,D2
Dublin Connolly,Clongriffin,D2
Dublin Connolly,Howth,D2
Dublin Connolly,Sutton,D2
Dublin Connolly,Bayside,D2
Dublin Connolly,Howth Junction and Donaghmede,D2
Dublin Connolly,Kilbarrack,D2
Dublin Connolly,Raheny,D2
Dublin Connolly,Harmonstown,D2
Dublin Connolly,Killester,D2
Dublin Connolly,Clontarf Road,D1
Dublin Connolly,Tara Street,D1
Dublin Connolly,Dublin Pearse,D1
Dublin Connolly,Grand Canal Dock,D1
Dublin Connolly,Lansdowne Road,D1
Dublin Connolly,Sandymount,D2
Dublin Connolly,Sydney Parade,D2
Dublin Connolly,Booterstown,D2
Dublin Connolly,Blackrock,D2
Dublin Connolly,Seapoint,D2
Dublin Connolly,Salthill and Monkstown,D2
Dublin Connolly,Dun Laoghaire (Mallin),D2
Dublin Connolly,Sandycove and Glasthule,D2
Dublin Connolly,Glenageary,D2
Dublin Connolly,Dalkey,D2
Dublin Connolly,Killiney,D2
Dublin Connolly,Shankill,D2
Dublin Connolly,Bray (Daly),D2
Dublin Connolly,Greystones,D90
Dublin Connolly,Kilcoole,D90
Dublin Connolly,Wicklow,D91
Dublin Connolly,Rathdrum,D92
Dublin Connolly,Docklands,D2
Dublin Connolly,Drumcondra,D1
Dublin Connolly,Broombridge,D2
Dublin Connolly,Pelletstown,D2
Dublin Connolly,Ashtown,D2
Dublin Connolly,Navan Road Parkway,D2
Dublin Connolly,Castleknock,D2
Dublin Connolly,Coolmine,D2
Dublin Connolly,Clonsilla,D2
Dublin Connolly,Hansfield,D2
Dublin Connolly,Dunboyne,D2
Dublin Connolly,M3 Parkway,D2
Dublin Connolly,Leixlip(Confey),D2
Dublin Connolly,Leixlip(Louisa Bridge),D2
Dublin Connolly,Maynooth,D2
Dublin Connolly,Kilcock,D90
Dublin Connolly,Enfield,D91
Tara Street,Drogheda (MacBride),D91
Tara Street,Laytown,D91
Tara Street,Gormanston,D90
Tara Street,Balbriggan,D90
Tara Street,Skerries,D90
Tara Street,Rush and Lusk,D2
Tara Street,Donabate,D2
Tara Street,Malahide,D2
Tara Street,Portmarnock,D2
Tara Street,Clongriffin,D2
Tara Street,Howth,D2
Tara Street,Sutton,D2
Tara Street,Bayside,D2
Tara Street,Howth Junction and Donaghmede,D2
Tara Street,Kilbarrack,D2
Tara Street,Raheny,D2
Tara Street,Harmonstown,D2
Tara Street,Killester,D2
Tara Street,Clontarf Road,D1
Tara Street,Dublin Connolly,D1
Tara Street,Dublin Pearse,D1
Tara Street,Grand Canal Dock,D1
Tara Street,Lansdowne Road,D1
Tara Street,Sandymount,D2
Tara Street,Sydney Parade,D2
Tara Street,Booterstown,D2
Tara Street,Blackrock,D2
Tara Street,Seapoint,D2
Tara Street,Salthill and Monkstown,D2
Tara Street,Dun Laoghaire (Mallin),D2
Tara Street,Sandycove and Glasthule,D2
Tara Street,Glenageary,D2
Tara Street,Dalkey,D2
Tara Street,Killiney,D2
Tara Street,Shankill,D2
Tara Street,Bray (Daly),D2
Tara Street,Greystones,D90
Tara Street,Kilcoole,D90
Tara Street,Wicklow,D91
Tara Street,Rathdrum,D92
Tara Street,Docklands,D2
Tara Street,Drumcondra,D1
Tara Street,Broombridge,D2
Tara Street,Pelletstown,D2
Tara Street,Ashtown,D2
Tara Street,Navan Road Parkway,D2
Tara Street,Castleknock,D2
Tara Street,Coolmine,D2
Tara Street,Clonsilla,D2
Tara Street,Hansfield,D2
Tara Street,Dunboyne,D2
Tara Street,M3 Parkway,D2
Tara Street,Leixlip(Confey),D2
Tara Street,Leixlip(Louisa Bridge),D2
Tara Street,Maynooth,D2
Tara Street,Kilcock,D90
Tara Street,Enfield,D91
Dublin Pearse,Drogheda (MacBride),D91
Dublin Pearse,Laytown,D91
Dublin Pearse,Gormanston,D90
Dublin Pearse,Balbriggan,D90
Dublin Pearse,Skerries,D90
Dublin Pearse,Rush and Lusk,D2
Dublin Pearse,Donabate,D2
Dublin Pearse,Malahide,D2
Dublin Pearse,Portmarnock,D2
Dublin Pearse,Clongriffin,D2
Dublin Pearse,Howth,D2
Dublin Pearse,Sutton,D2
Dublin Pearse,Bayside,D2
Dublin Pearse,Howth Junction and Donaghmede,D2
Dublin Pearse,Kilbarrack,D2
Dublin Pearse,Raheny,D2
Dublin Pearse,Harmonstown,D2
Dublin Pearse,Killester,D2
Dublin Pearse,Clontarf Road,D1
Dublin Pearse,Dublin Connolly,D1
Dublin Pearse,Tara Street,D1
Dublin Pearse,Grand Canal Dock,D1
Dublin Pearse,Lansdowne Road,D1
Dublin Pearse,Sandymount,D2
Dublin Pearse,Sydney Parade,D2
Dublin Pearse,Booterstown,D2
Dublin Pearse,Blackrock,D2
Dublin Pearse,Seapoint,D2
Dublin Pearse,Salthill and Monkstown,D2
Dublin Pearse,Dun Laoghaire (Mallin),D2
Dublin Pearse,Sandycove and Glasthule,D2
Dublin Pearse,Glenageary,D2
Dublin Pearse,Dalkey,D2
Dublin Pearse,Killiney,D2
Dublin Pearse,Shankill,D2
Dublin Pearse,Bray (Daly),D2
Dublin Pearse,Greystones,D90
Dublin Pearse,Kilcoole,D90
Dublin Pearse,Wicklow,D91
Dublin Pearse,Rathdrum,D92
Dublin Pearse,Docklands,D2
Dublin Pearse,Drumcondra,D1
Dublin Pearse,Broombridge,D2
Dublin Pearse,Pelletstown,D2
Dublin Pearse,Ashtown,D2
Dublin Pearse,Navan Road Parkway,D2
Dublin Pearse,Castleknock,D2
Dublin Pearse,Coolmine,D2
Dublin Pearse,Clonsilla,D2
Dublin Pearse,Hansfield,D2
Dublin Pearse,Dunboyne,D2
Dublin Pearse,M3 Parkway,D2
Dublin Pearse,Leixlip(Confey),D2
Dublin Pearse,Leixlip(Louisa Bridge),D2
Dublin Pearse,Maynooth,D2
Dublin Pearse,Kilcock,D90
Dublin Pearse,Enfield,D91
Grand Canal Dock,Drogheda (MacBride),D91
Grand Canal Dock,Laytown,D91
Grand Canal Dock,Gormanston,D90
Grand Canal Dock,Balbriggan,D90
Grand Canal Dock,Skerries,D90
Grand Canal Dock,Rush and Lusk,D2
Grand Canal Dock,Donabate,D2
Grand Canal Dock,Malahide,D2
Grand Canal Dock,Portmarnock,D2
Grand Canal Dock,Clongriffin,D2
Grand Canal Dock,Howth,D2
Grand Canal Dock,Sutton,D2
Grand Canal Dock,Bayside,D2
Grand Canal Dock,Howth Junction and Donaghmede,D2
Grand Canal Dock,Kilbarrack,D2
Grand Canal Dock,Raheny,D2
Grand Canal Dock,Harmonstown,D2
Grand Canal Dock,Killester,D2
Grand Canal Dock,Clontarf Road,D1
Grand Canal Dock,Dublin Connolly,D1
Grand Canal Dock,Tara Street,D1
Grand Canal Dock,Dublin Pearse,D1
Grand Canal Dock,Lansdowne Road,D1
Grand Canal Dock,Sandymount,D1
Grand Canal Dock,Sydney Parade,D1
Grand Canal Dock,Booterstown,D2
Grand Canal Dock,Blackrock,D2
Grand Canal Dock,Seapoint,D2
Grand Canal Dock,Salthill and Monkstown,D2
Grand Canal Dock,Dun Laoghaire (Mallin),D2
Grand Canal Dock,Sandycove and Glasthule,D2
Grand Canal Dock,Glenageary,D2
Grand Canal Dock,Dalkey,D2
Grand Canal Dock,Killiney,D2
Grand Canal Dock,Shankill,D2
Grand Canal Dock,Bray (Daly),D2
Grand Canal Dock,Greystones,D90
Grand Canal Dock,Kilcoole,D90
Grand Canal Dock,Wicklow,D91
Grand Canal Dock,Rathdrum,D92
Grand Canal Dock,Docklands,D2
Grand Canal Dock,Drumcondra,D1
Grand Canal Dock,Broombridge,D2
Grand Canal Dock,Pelletstown,D2
Grand Canal Dock,Ashtown,D2
Grand Canal Dock,Navan Road Parkway,D2
Grand Canal Dock,Castleknock,D2
Grand Canal Dock,Coolmine,D2
Grand Canal Dock,Clonsilla,D2
Grand Canal Dock,Hansfield,D2
Grand Canal Dock,Dunboyne,D2
Grand Canal Dock,M3 Parkway,D2
Grand Canal Dock,Leixlip(Confey),D2
Grand Canal Dock,Leixlip(Louisa Bridge),D2
Grand Canal Dock,Maynooth,D2
Grand Canal Dock,Kilcock,D90
Grand Canal Dock,Enfield,D91
Lansdowne Road,Drogheda (MacBride),D91
Lansdowne Road,Laytown,D91
Lansdowne Road,Gormanston,D90
Lansdowne Road,Balbriggan,D90
Lansdowne Road,Skerries,D90
Lansdowne Road,Rush and Lusk,D2
Lansdowne Road,Donabate,D2
Lansdowne Road,Malahide,D2
Lansdowne Road,Portmarnock,D2
Lansdowne Road,Clongriffin,D2
Lansdowne Road,Howth,D2
Lansdowne Road,Sutton,D2
Lansdowne Road,Bayside,D2
Lansdowne Road,Howth Junction and Donaghmede,D2
Lansdowne Road,Kilbarrack,D2
Lansdowne Road,Raheny,D2
Lansdowne Road,Harmonstown,D2
Lansdowne Road,Killester,D2
Lansdowne Road,Clontarf Road,D2
Lansdowne Road,Dublin Connolly,D1
Lansdowne Road,Tara Street,D1
Lansdowne Road,Dublin Pearse,D1
Lansdowne Road,Grand Canal Dock,D1
Lansdowne Road,Sandymount,D1
Lansdowne Road,Sydney Parade,D1
Lansdowne Road,Booterstown,D2
Lansdowne Road,Blackrock,D2
Lansdowne Road,Seapoint,D2
Lansdowne Road,Salthill and Monkstown,D2
Lansdowne Road,Dun Laoghaire (Mallin),D2
Lansdowne Road,Sandycove and Glasthule,D2
Lansdowne Road,Glenageary,D2
Lansdowne Road,Dalkey,D2
Lansdowne Road,Killiney,D2
Lansdowne Road,Shankill,D2
Lansdowne Road,Bray (Daly),D2
Lansdowne Road,Greystones,D90
Lansdowne Road,Kilcoole,D90
Lansdowne Road,Wicklow,D91
Lansdowne Road,Rathdrum,D92
Lansdowne Road,Docklands,D2
Lansdowne Road,Drumcondra,D2
Lansdowne Road,Broombridge,D2
Lansdowne Road,Pelletstown,D2
Lansdowne Road,Ashtown,D2
Lansdowne Road,Navan Road Parkway,D2
Lansdowne Road,Castleknock,D2
Lansdowne Road,Coolmine,D2
Lansdowne Road,Clonsilla,D2
Lansdowne Road,Hansfield,D2
Lansdowne Road,Dunboyne,D2
Lansdowne Road,M3 Parkway,D2
Lansdowne Road,Leixlip(Confey),D2
Lansdowne Road,Leixlip(Louisa Bridge),D2
Lansdowne Road,Maynooth,D2
Lansdowne Road,Kilcock,D90
Lansdowne Road,Enfield,D91
Sandymount,Drogheda (MacBride),D91
Sandymount,Laytown,D91
Sandymount,Gormanston,D90
Sandymount,Balbriggan,D90
Sandymount,Skerries,D90
Sandymount,Rush and Lusk,D2
Sandymount,Donabate,D2
Sandymount,Malahide,D2
Sandymount,Portmarnock,D2
Sandymount,Clongriffin,D2
Sandymount,Howth,D2
Sandymount,Sutton,D2
Sandymount,Bayside,D2
Sandymount,Howth Junction and Donaghmede,D2
Sandymount,Kilbarrack,D2
Sandymount,Raheny,D2
Sandymount,Harmonstown,D2
Sandymount,Killester,D2
Sandymount,Clontarf Road,D2
Sandymount,Dublin Connolly,D2
Sandymount,Tara Street,D2
Sandymount,Dublin Pearse,D2
Sandymount,Grand Canal Dock,D1
Sandymount,Lansdowne Road,D1
Sandymount,Sydney Parade,D1
Sandymount,Booterstown,D1
Sandymount,Blackrock,D2
Sandymount,Seapoint,D2
Sandymount,Salthill and Monkstown,D2
Sandymount,Dun Laoghaire (Mallin),D2
Sandymount,Sandycove and Glasthule,D2
Sandymount,Glenageary,D2
Sandymount,Dalkey,D2
Sandymount,Killiney,D2
Sandymount,Shankill,D2
Sandymount,Bray (Daly),D2
Sandymount,Greystones,D90
Sandymount,Kilcoole,D90
Sandymount,Wicklow,D91
Sandymount,Rathdrum,D92
Sandymount,Docklands,D2
Sandymount,Drumcondra,D2
Sandymount,Broombridge,D2
Sandymount,Pelletstown,D2
Sandymount,Ashtown,D2
Sandymount,Navan Road Parkway,D2
Sandymount,Castleknock,D2
Sandymount,Coolmine,D2
Sandymount,Clonsilla,D2
Sandymount,Hansfield,D2
Sandymount,Dunboyne,D2
Sandymount,M3 Parkway,D2
Sandymount,Leixlip(Confey),D2
Sandymount,Leixlip(Louisa Bridge),D2
Sandymount,Maynooth,D2
Sandymount,Kilcock,D90
Sandymount,Enfield,D91
Sydney Parade,Drogheda (MacBride),D91
Sydney Parade,Laytown,D91
Sydney Parade,Gormanston,D90
Sydney Parade,Balbriggan,D90
Sydney Parade,Skerries,D90
Sydney Parade,Rush and Lusk,D2
Sydney Parade,Donabate,D2
Sydney Parade,Malahide,D2
Sydney Parade,Portmarnock,D2
Sydney Parade,Clongriffin,D2
Sydney Parade,Howth,D2
Sydney Parade,Sutton,D2
Sydney Parade,Bayside,D2
Sydney Parade,Howth Junction and Donaghmede,D2
Sydney Parade,Kilbarrack,D2
Sydney Parade,Raheny,D2
Sydney Parade,Harmonstown,D2
Sydney Parade,Killester,D2
Sydney Parade,Clontarf Road,D2
Sydney Parade,Dublin Connolly,D2
Sydney Parade,Tara Street,D2
Sydney Parade,Dublin Pearse,D2
Sydney Parade,Grand Canal Dock,D1
Sydney Parade,Lansdowne Road,D1
Sydney Parade,Sandymount,D1
Sydney Parade,Booterstown,D1
Sydney Parade,Blackrock,D1
Sydney Parade,Seapoint,D2
Sydney Parade,Salthill and Monkstown,D2
Sydney Parade,Dun Laoghaire (Mallin),D2
Sydney Parade,Sandycove and Glasthule,D2
Sydney Parade,Glenageary,D2
Sydney Parade,Dalkey,D2
Sydney Parade,Killiney,D2
Sydney Parade,Shankill,D2
Sydney Parade,Bray (Daly),D2
Sydney Parade,Greystones,D90
Sydney Parade,Kilcoole,D90
Sydney Parade,Wicklow,D91
Sydney Parade,Rathdrum,D92
Sydney Parade,Docklands,D2
Sydney Parade,Drumcondra,D2
Sydney Parade,Broombridge,D2
Sydney Parade,Pelletstown,D2
Sydney Parade,Ashtown,D2
Sydney Parade,Navan Road Parkway,D2
Sydney Parade,Castleknock,D2
Sydney Parade,Coolmine,D2
Sydney Parade,Clonsilla,D2
Sydney Parade,Hansfield,D2
Sydney Parade,Dunboyne,D2
Sydney Parade,M3 Parkway,D2
Sydney Parade,Leixlip(Confey),D2
Sydney Parade,Leixlip(Louisa Bridge),D2
Sydney Parade,Maynooth,D2
Sydney Parade,Kilcock,D90
Sydney Parade,Enfield,D91
Booterstown,Drogheda (MacBride),D91
Booterstown,Laytown,D91
Booterstown,Gormanston,D90
Booterstown,Balbriggan,D90
Booterstown,Skerries,D90
Booterstown,Rush and Lusk,D2
Booterstown,Donabate,D2
Booterstown,Malahide,D2
Booterstown,Portmarnock,D2
Booterstown,Clongriffin,D2
Booterstown,Howth,D2
Booterstown,Sutton,D2
Booterstown,Bayside,D2
Booterstown,Howth Junction and Donaghmede,D2
Booterstown,Kilbarrack,D2
Booterstown,Raheny,D2
Booterstown,Harmonstown,D2
Booterstown,Killester,D2
Booterstown,Clontarf Road,D2
Booterstown,Dublin Connolly,D2
Booterstown,Tara Street,D2
Booterstown,Dublin Pearse,D2
Booterstown,Grand Canal Dock,D2
Booterstown,Lansdowne Road,D2
Booterstown,Sandymount,D1
Booterstown,Sydney Parade,D1
Booterstown,Blackrock,D1
Booterstown,Seapoint,D1
Booterstown,Salthill and Monkstown,D2
Booterstown,Dun Laoghaire (Mallin),D2
Booterstown,Sandycove and Glasthule,D2
Booterstown,Glenageary,D2
Booterstown,Dalkey,D2
Booterstown,Killiney,D2
Booterstown,Shankill,D2
Booterstown,Bray (Daly),D2
Booterstown,Greystones,D90
Booterstown,Kilcoole,D90
Booterstown,Wicklow,D91
Booterstown,Rathdrum,D92
Booterstown,Docklands,D2
Booterstown,Drumcondra,D2
Booterstown,Broombridge,D2
Booterstown,Pelletstown,D2
Booterstown,Ashtown,D2
Booterstown,Navan Road Parkway,D2
Booterstown,Castleknock,D2
Booterstown,Coolmine,D2
Booterstown,Clonsilla,D2
Booterstown,Hansfield,D2
Booterstown,Dunboyne,D2
Booterstown,M3 Parkway,D2
Booterstown,Leixlip(Confey),D2
Booterstown,Leixlip(Louisa Bridge),D2
Booterstown,Maynooth,D2
Booterstown,Kilcock,D90
Booterstown,Enfield,D91
Blackrock,Drogheda (MacBride),D91
Blackrock,Laytown,D91
Blackrock,Gormanston,D90
Blackrock,Balbriggan,D90
Blackrock,Skerries,D90
Blackrock,Rush and Lusk,D2
Blackrock,Donabate,D2
Blackrock,Malahide,D2
Blackrock,Portmarnock,D2
Blackrock,Clongriffin,D2
Blackrock,Howth,D2
Blackrock,Sutton,D2
Blackrock,Bayside,D2
Blackrock,Howth Junction and Donaghmede,D2
Blackrock,Kilbarrack,D2
Blackrock,Raheny,D2
Blackrock,Harmonstown,D2
Blackrock,Killester,D2
Blackrock,Clontarf Road,D2
Blackrock,Dublin Connolly,D2
Blackrock,Tara Street,D2
Blackrock,Dublin Pearse,D2
Blackrock,Grand Canal Dock,D2
Blackrock,Lansdowne Road,D2
Blackrock,Sandymount,D2
Blackrock,Sydney Parade,D1
Blackrock,Booterstown,D1
Blackrock,Seapoint,D1
Blackrock,Salthill and Monkstown,D1
Blackrock,Dun Laoghaire (Mallin),D2
Blackrock,Sandycove and Glasthule,D2
Blackrock,Glenageary,D2
Blackrock,Dalkey,D2
Blackrock,Killiney,D2
Blackrock,Shankill,D2
Blackrock,Bray (Daly),D2
Blackrock,Greystones,D11
Blackrock,Kilcoole,D90
Blackrock,Wicklow,D91
Blackrock,Rathdrum,D92
Blackrock,Docklands,D2
Blackrock,Drumcondra,D2
Blackrock,Broombridge,D2
Blackrock,Pelletstown,D2
Blackrock,Ashtown,D2
Blackrock,Navan Road Parkway,D2
Blackrock,Castleknock,D2
Blackrock,Coolmine,D2
Blackrock,Clonsilla,D2
Blackrock,Hansfield,D2
Blackrock,Dunboyne,D2
Blackrock,M3 Parkway,D2
Blackrock,Leixlip(Confey),D2
Blackrock,Leixlip(Louisa Bridge),D2
Blackrock,Maynooth,D2
Blackrock,Kilcock,D90
Blackrock,Enfield,D91
Seapoint,Drogheda (MacBride),D91
Seapoint,Laytown,D91
Seapoint,Gormanston,D90
Seapoint,Balbriggan,D90
Seapoint,Skerries,D90
Seapoint,Rush and Lusk,D2
Seapoint,Donabate,D2
Seapoint,Malahide,D2
Seapoint,Portmarnock,D2
Seapoint,Clongriffin,D2
Seapoint,Howth,D2
Seapoint,Sutton,D2
Seapoint,Bayside,D2
Seapoint,Howth Junction and Donaghmede,D2
Seapoint,Kilbarrack,D2
Seapoint,Raheny,D2
Seapoint,Harmonstown,D2
Seapoint,Killester,D2
Seapoint,Clontarf Road,D2
Seapoint,Dublin Connolly,D2
Seapoint,Tara Street,D2
Seapoint,Dublin Pearse,D2
Seapoint,Grand Canal Dock,D2
Seapoint,Lansdowne Road,D2
Seapoint,Sandymount,D2
Seapoint,Sydney Parade,D2
Seapoint,Booterstown,D1
Seapoint,Blackrock,D1
Seapoint,Salthill and Monkstown,D1
Seapoint,Dun Laoghaire (Mallin),D1
Seapoint,Sandycove and Glasthule,D1
Seapoint,Glenageary,D2
Seapoint,Dalkey,D2
Seapoint,Killiney,D2
Seapoint,Shankill,D2
Seapoint,Bray (Daly),D2
Seapoint,Greystones,D11
Seapoint,Kilcoole,D90
Seapoint,Wicklow,D91
Seapoint,Rathdrum,D92
Seapoint,Docklands,D2
Seapoint,Drumcondra,D2
Seapoint,Broombridge,D2
Seapoint,Pelletstown,D2
Seapoint,Ashtown,D2
Seapoint,Navan Road Parkway,D2
Seapoint,Castleknock,D2
Seapoint,Coolmine,D2
Seapoint,Clonsilla,D2
Seapoint,Hansfield,D2
Seapoint,Dunboyne,D2
Seapoint,M3 Parkway,D2
Seapoint,Leixlip(Confey),D2
Seapoint,Leixlip(Louisa Bridge),D2
Seapoint,Maynooth,D2
Seapoint,Kilcock,D90
Seapoint,Enfield,D91
Salthill and Monkstown,Drogheda (MacBride),D91
Salthill and Monkstown,Laytown,D91
Salthill and Monkstown,Gormanston,D90
Salthill and Monkstown,Balbriggan,D90
Salthill and Monkstown,Skerries,D90
Salthill and Monkstown,Rush and Lusk,D2
Salthill and Monkstown,Donabate,D2
Salthill and Monkstown,Malahide,D2
Salthill and Monkstown,Portmarnock,D2
Salthill and Monkstown,Clongriffin,D2
Salthill and Monkstown,Howth,D2
Salthill and Monkstown,Sutton,D2
Salthill and Monkstown,Bayside,D2
Salthill and Monkstown,Howth Junction and Donaghmede,D2
Salthill and Monkstown,Kilbarrack,D2
Salthill and Monkstown,Raheny,D2
Salthill and Monkstown,Harmonstown,D2
Salthill and Monkstown,Killester,D2
Salthill and Monkstown,Clontarf Road,D2
Salthill and Monkstown,Dublin Connolly,D2
Salthill and Monkstown,Tara Street,D2
Salthill and Monkstown,Dublin Pearse,D2
Salthill and Monkstown,Grand Canal Dock,D2
Salthill and Monkstown,Lansdowne Road,D2
Salthill and Monkstown,Sandymount,D2
Salthill and Monkstown,Sydney Parade,D2
Salthill and Monkstown,Booterstown,D2
Salthill and Monkstown,Blackrock,D1
Salthill and Monkstown,Seapoint,D1
Salthill and Monkstown,Dun Laoghaire (Mallin),D1
Salthill and Monkstown,Sandycove and Glasthule,D1
Salthill and Monkstown,Glenageary,D1
Salthill and Monkstown,Dalkey,D2
Salthill and Monkstown,Killiney,D2
Salthill and Monkstown,Shankill,D2
Salthill and Monkstown,Bray (Daly),D2
Salthill and Monkstown,Greystones,D11
Salthill and Monkstown,Kilcoole,D90
Salthill and Monkstown,Wicklow,D91
Salthill and Monkstown,Rathdrum,D92
Salthill and Monkstown,Docklands,D2
Salthill and Monkstown,Drumcondra,D2
Salthill and Monkstown,Broombridge,D2
Salthill and Monkstown,Pelletstown,D2
Salthill and Monkstown,Ashtown,D2
Salthill and Monkstown,Navan Road Parkway,D2
Salthill and Monkstown,Castleknock,D2
Salthill and Monkstown,Coolmine,D2
Salthill and Monkstown,Clonsilla,D2
Salthill and Monkstown,Hansfield,D2
Salthill and Monkstown,Dunboyne,D2
Salthill and Monkstown,M3 Parkway,D2
Salthill and Monkstown,Leixlip(Confey),D2
Salthill and Monkstown,Leixlip(Louisa Bridge),D2
Salthill and Monkstown,Maynooth,D2
Salthill and Monkstown,Kilcock,D90
Salthill and Monkstown,Enfield,D91
Dun Laoghaire (Mallin),Drogheda (MacBride),D91
Dun Laoghaire (Mallin),Laytown,D91
Dun Laoghaire (Mallin),Gormanston,D90
Dun Laoghaire (Mallin),Balbriggan,D90
Dun Laoghaire (Mallin),Skerries,D90
Dun Laoghaire (Mallin),Rush and Lusk,D2
Dun Laoghaire (Mallin),Donabate,D2
Dun Laoghaire (Mallin),Malahide,D2
Dun Laoghaire (Mallin),Portmarnock,D2
Dun Laoghaire (Mallin),Clongriffin,D2
Dun Laoghaire (Mallin),Howth,D2
Dun Laoghaire (Mallin),Sutton,D2
Dun Laoghaire (Mallin),Bayside,D2
Dun Laoghaire (Mallin),Howth Junction and Donaghmede,D2
Dun Laoghaire (Mallin),Kilbarrack,D2
Dun Laoghaire (Mallin),Raheny,D2
Dun Laoghaire (Mallin),Harmonstown,D2
Dun Laoghaire (Mallin),Killester,D2
Dun Laoghaire (Mallin),Clontarf Road,D2
Dun Laoghaire (Mallin),Dublin Connolly,D2
Dun Laoghaire (Mallin),Tara Street,D2
Dun Laoghaire (Mallin),Dublin Pearse,D2
Dun Laoghaire (Mallin),Grand Canal Dock,D2
Dun Laoghaire (Mallin),Lansdowne Road,D2
Dun Laoghaire (Mallin),Sandymount,D2
Dun Laoghaire (Mallin),Sydney Parade,D2
Dun Laoghaire (Mallin),Booterstown,D2
Dun Laoghaire (Mallin),Blackrock,D2
Dun Laoghaire (Mallin),Seapoint,D1
Dun Laoghaire (Mallin),Salthill and Monkstown,D1
Dun Laoghaire (Mallin),Sandycove and Glasthule,D1
Dun Laoghaire (Mallin),Glenageary,D1
Dun Laoghaire (Mallin),Dalkey,D1
Dun Laoghaire (Mallin),Killiney,D2
Dun Laoghaire (Mallin),Shankill,D2
Dun Laoghaire (Mallin),Bray (Daly),D2
Dun Laoghaire (Mallin),Greystones,D11
Dun Laoghaire (Mallin),Kilcoole,D90
Dun Laoghaire (Mallin),Wicklow,D91
Dun Laoghaire (Mallin),Rathdrum,D92
Dun Laoghaire (Mallin),Docklands,D2
Dun Laoghaire (Mallin),Drumcondra,D2
Dun Laoghaire (Mallin),Broombridge,D2
Dun Laoghaire (Mallin),Pelletstown,D2
Dun Laoghaire (Mallin),Ashtown,D2
Dun Laoghaire (Mallin),Navan Road Parkway,D2
Dun Laoghaire (Mallin),Castleknock,D2
Dun Laoghaire (Mallin),Coolmine,D2
Dun Laoghaire (Mallin),Clonsilla,D2
Dun Laoghaire (Mallin),Hansfield,D2
Dun Laoghaire (Mallin),Dunboyne,D2
Dun Laoghaire (Mallin),M3 Parkway,D2
Dun Laoghaire (Mallin),Leixlip(Confey),D2
Dun Laoghaire (Mallin),Leixlip(Louisa Bridge),D2
Dun Laoghaire (Mallin),Maynooth,D2
Dun Laoghaire (Mallin),Kilcock,D90
Dun Laoghaire (Mallin),Enfield,D91
Sandycove and Glasthule,Drogheda (MacBride),D91
Sandycove and Glasthule,Laytown,D91
Sandycove and Glasthule,Gormanston,D90
Sandycove and Glasthule,Balbriggan,D90
Sandycove and Glasthule,Skerries,D90
Sandycove and Glasthule,Rush and Lusk,D2
Sandycove and Glasthule,Donabate,D2
Sandycove and Glasthule,Malahide,D2
Sandycove and Glasthule,Portmarnock,D2
Sandycove and Glasthule,Clongriffin,D2
Sandycove and Glasthule,Howth,D2
Sandycove and Glasthule,Sutton,D2
Sandycove and Glasthule,Bayside,D2
Sandycove and Glasthule,Howth Junction and Donaghmede,D2
Sandycove and Glasthule,Kilbarrack,D2
Sandycove and Glasthule,Raheny,D2
Sandycove and Glasthule,Harmonstown,D2
Sandycove and Glasthule,Killester,D2
Sandycove and Glasthule,Clontarf Road,D2
Sandycove and Glasthule,Dublin Connolly,D2
Sandycove and Glasthule,Tara Street,D2
Sandycove and Glasthule,Dublin Pearse,D2
Sandycove and Glasthule,Grand Canal Dock,D2
Sandycove and Glasthule,Lansdowne Road,D2
Sandycove and Glasthule,Sandymount,D2
Sandycove and Glasthule,Sydney Parade,D2
Sandycove and Glasthule,Booterstown,D2
Sandycove and Glasthule,Blackrock,D2
Sandycove and Glasthule,Seapoint,D1
Sandycove and Glasthule,Salthill and Monkstown,D1
Sandycove and Glasthule,Dun Laoghaire (Mallin),D1
Sandycove and Glasthule,Glenageary,D1
Sandycove and Glasthule,Dalkey,D1
Sandycove and Glasthule,Killiney,D2
Sandycove and Glasthule,Shankill,D2
Sandycove and Glasthule,Bray (Daly),D2
Sandycove and Glasthule,Greystones,D11
Sandycove and Glasthule,Kilcoole,D90
Sandycove and Glasthule,Wicklow,D91
Sandycove and Glasthule,Rathdrum,D92
Sandycove and Glasthule,Docklands,D2
Sandycove and Glasthule,Drumcondra,D2
Sandycove and Glasthule,Broombridge,D2
Sandycove and Glasthule,Pelletstown,D2
Sandycove and Glasthule,Ashtown,D2
Sandycove and Glasthule,Navan Road Parkway,D2
Sandycove and Glasthule,Castleknock,D2
Sandycove and Glasthule,Coolmine,D2
Sandycove and Glasthule,Clonsilla,D2
Sandycove and Glasthule,Hansfield,D2
Sandycove and Glasthule,Dunboyne,D2
Sandycove and Glasthule,M3 Parkway,D2
Sandycove and Glasthule,Leixlip(Confey),D2
Sandycove and Glasthule,Leixlip(Louisa Bridge),D2
Sandycove and Glasthule,Maynooth,D2
Sandycove and Glasthule,Kilcock,D90
Sandycove and Glasthule,Enfield,D91
Glenageary,Drogheda (MacBride),D91
Glenageary,Laytown,D91
Glenageary,Gormanston,D90
Glenageary,Balbriggan,D90
Glenageary,Skerries,D90
Glenageary,Rush and Lusk,D2
Glenageary,Donabate,D2
Glenageary,Malahide,D2
Glenageary,Portmarnock,D2
Glenageary,Clongriffin,D2
Glenageary,Howth,D2
Glenageary,Sutton,D2
Glenageary,Bayside,D2
Glenageary,Howth Junction and Donaghmede,D2
Glenageary,Kilbarrack,D2
Glenageary,Raheny,D2
Glenageary,Harmonstown,D2
Glenageary,Killester,D2
Glenageary,Clontarf Road,D2
Glenageary,Dublin Connolly,D2
Glenageary,Tara Street,D2
Glenageary,Dublin Pearse,D2
Glenageary,Grand Canal Dock,D2
Glenageary,Lansdowne Road,D2
Glenageary,Sandymount,D2
Glenageary,Sydney Parade,D2
Glenageary,Booterstown,D2
Glenageary,Blackrock,D2
Glenageary,Seapoint,D2
Glenageary,Salthill and Monkstown,D1
Glenageary,Dun Laoghaire (Mallin),D1
Glenageary,Sandycove and Glasthule,D1
Glenageary,Dalkey,D1
Glenageary,Killiney,D1
Glenageary,Shankill,D2
Glenageary,Bray (Daly),D2
Glenageary,Greystones,D11
Glenageary,Kilcoole,D90
Glenageary,Wicklow,D91
Glenageary,Rathdrum,D13
Glenageary,Docklands,D2
Glenageary,Drumcondra,D2
Glenageary,Broombridge,D2
Glenageary,Pelletstown,D2
Glenageary,Ashtown,D2
Glenageary,Navan Road Parkway,D2
Glenageary,Castleknock,D2
Glenageary,Coolmine,D2
Glenageary,Clonsilla,D2
Glenageary,Hansfield,D2
Glenageary,Dunboyne,D2
Glenageary,M3 Parkway,D2
Glenageary,Leixlip(Confey),D2
Glenageary,Leixlip(Louisa Bridge),D2
Glenageary,Maynooth,D2
Glenageary,Kilcock,D90
Glenageary,Enfield,D91
Dalkey,Drogheda (MacBride),D91
Dalkey,Laytown,D91
Dalkey,Gormanston,D90
Dalkey,Balbriggan,D90
Dalkey,Skerries,D90
Dalkey,Rush and Lusk,D2
Dalkey,Donabate,D2
Dalkey,Malahide,D2
Dalkey,Portmarnock,D2
Dalkey,Clongriffin,D2
Dalkey,Howth,D2
Dalkey,Sutton,D2
Dalkey,Bayside,D2
Dalkey,Howth Junction and Donaghmede,D2
Dalkey,Kilbarrack,D2
Dalkey,Raheny,D2
Dalkey,Harmonstown,D2
Dalkey,Killester,D2
Dalkey,Clontarf Road,D2
Dalkey,Dublin Connolly,D2
Dalkey,Tara Street,D2
Dalkey,Dublin Pearse,D2
Dalkey,Grand Canal Dock,D2
Dalkey,Lansdowne Road,D2
Dalkey,Sandymount,D2
Dalkey,Sydney Parade,D2
Dalkey,Booterstown,D2
Dalkey,Blackrock,D2
Dalkey,Seapoint,D2
Dalkey,Salthill and Monkstown,D2
Dalkey,Dun Laoghaire (Mallin),D1
Dalkey,Sandycove and Glasthule,D1
Dalkey,Glenageary,D1
Dalkey,Killiney,D1
Dalkey,Shankill,D2
Dalkey,Bray (Daly),D2
Dalkey,Greystones,D11
Dalkey,Kilcoole,D11
Dalkey,Wicklow,D91
Dalkey,Rathdrum,D13
Dalkey,Docklands,D2
Dalkey,Drumcondra,D2
Dalkey,Broombridge,D2
Dalkey,Pelletstown,D2
Dalkey,Ashtown,D2
Dalkey,Navan Road Parkway,D2
Dalkey,Castleknock,D2
Dalkey,Coolmine,D2
Dalkey,Clonsilla,D2
Dalkey,Hansfield,D2
Dalkey,Dunboyne,D2
Dalkey,M3 Parkway,D2
Dalkey,Leixlip(Confey),D2
Dalkey,Leixlip(Louisa Bridge),D2
Dalkey,Maynooth,D2
Dalkey,Kilcock,D90
Dalkey,Enfield,D91
Killiney,Drogheda (MacBride),D91
Killiney,Laytown,D91
Killiney,Gormanston,D90
Killiney,Balbriggan,D90
Killiney,Skerries,D90
Killiney,Rush and Lusk,D2
Killiney,Donabate,D2
Killiney,Malahide,D2
Killiney,Portmarnock,D2
Killiney,Clongriffin,D2
Killiney,Howth,D2
Killiney,Sutton,D2
Killiney,Bayside,D2
Killiney,Howth Junction and Donaghmede,D2
Killiney,Kilbarrack,D2
Killiney,Raheny,D2
Killiney,Harmonstown,D2
Killiney,Killester,D2
Killiney,Clontarf Road,D2
Killiney,Dublin Connolly,D2
Killiney,Tara Street,D2
Killiney,Dublin Pearse,D2
Killiney,Grand Canal Dock,D2
Killiney,Lansdowne Road,D2
Killiney,Sandymount,D2
Killiney,Sydney Parade,D2
Killiney,Booterstown,D2
Killiney,Blackrock,D2
Killiney,Seapoint,D2
Killiney,Salthill and Monkstown,D2
Killiney,Dun Laoghaire (Mallin),D2
Killiney,Sandycove and Glasthule,D2
Killiney,Glenageary,D1
Killiney,Dalkey,D1
Killiney,Shankill,D1
Killiney,Bray (Daly),D2
Killiney,Greystones,D11
Killiney,Kilcoole,D11
Killiney,Wicklow,D91
Killiney,Rathdrum,D13
Killiney,Docklands,D2
Killiney,Drumcondra,D2
Killiney,Broombridge,D2
Killiney,Pelletstown,D2
Killiney,Ashtown,D2
Killiney,Navan Road Parkway,D2
Killiney,Castleknock,D2
Killiney,Coolmine,D2
Killiney,Clonsilla,D2
Killiney,Hansfield,D2
Killiney,Dunboyne,D2
Killiney,M3 Parkway,D2
Killiney,Leixlip(Confey),D2
Killiney,Leixlip(Louisa Bridge),D2
Killiney,Maynooth,D2
Killiney,Kilcock,D90
Killiney,Enfield,D91
Shankill,Drogheda (MacBride),D91
Shankill,Laytown,D91
Shankill,Gormanston,D90
Shankill,Balbriggan,D90
Shankill,Skerries,D90
Shankill,Rush and Lusk,D2
Shankill,Donabate,D2
Shankill,Malahide,D2
Shankill,Portmarnock,D2
Shankill,Clongriffin,D2
Shankill,Howth,D2
Shankill,Sutton,D2
Shankill,Bayside,D2
Shankill,Howth Junction and Donaghmede,D2
Shankill,Kilbarrack,D2
Shankill,Raheny,D2
Shankill,Harmonstown,D2
Shankill,Killester,D2
Shankill,Clontarf Road,D2
Shankill,Dublin Connolly,D2
Shankill,Tara Street,D2
Shankill,Dublin Pearse,D2
Shankill,Grand Canal Dock,D2
Shankill,Lansdowne Road,D2
Shankill,Sandymount,D2
Shankill,Sydney Parade,D2
Shankill,Booterstown,D2
Shankill,Blackrock,D2
Shankill,Seapoint,D2
Shankill,Salthill and Monkstown,D2
Shankill,Dun Laoghaire (Mallin),D2
Shankill,Sandycove and Glasthule,D2
Shankill,Glenageary,D2
Shankill,Dalkey,D2
Shankill,Killiney,D1
Shankill,Bray (Daly),D2
Shankill,Greystones,D11
Shankill,Kilcoole,D11
Shankill,Wicklow,D12
Shankill,Rathdrum,D13
Shankill,Docklands,D2
Shankill,Drumcondra,D2
Shankill,Broombridge,D2
Shankill,Pelletstown,D2
Shankill,Ashtown,D2
Shankill,Navan Road Parkway,D2
Shankill,Castleknock,D2
Shankill,Coolmine,D2
Shankill,Clonsilla,D2
Shankill,Hansfield,D2
Shankill,Dunboyne,D2
Shankill,M3 Parkway,D2
Shankill,Leixlip(Confey),D2
Shankill,Leixlip(Louisa Bridge),D2
Shankill,Maynooth,D2
Shankill,Kilcock,D90
Shankill,Enfield,D91
Bray (Daly),Drogheda (MacBride),D91
Bray (Daly),Laytown,D91
Bray (Daly),Gormanston,D90
Bray (Daly),Balbriggan,D90
Bray (Daly),Skerries,D90
Bray (Daly),Rush and Lusk,D2
Bray (Daly),Donabate,D2
Bray (Daly),Malahide,D2
Bray (Daly),Portmarnock,D2
Bray (Daly),Clongriffin,D2
Bray (Daly),Howth,D2
Bray (Daly),Sutton,D2
Bray (Daly),Bayside,D2
Bray (Daly),Howth Junction and Donaghmede,D2
Bray (Daly),Kilbarrack,D2
Bray (Daly),Raheny,D2
Bray (Daly),Harmonstown,D2
Bray (Daly),Killester,D2
Bray (Daly),Clontarf Road,D2
Bray (Daly),Dublin Connolly,D2
Bray (Daly),Tara Street,D2
Bray (Daly),Dublin Pearse,D2
Bray (Daly),Grand Canal Dock,D2
Bray (Daly),Lansdowne Road,D2
Bray (Daly),Sandymount,D2
Bray (Daly),Sydney Parade,D2
Bray (Daly),Booterstown,D2
Bray (Daly),Blackrock,D2
Bray (Daly),Seapoint,D2
Bray (Daly),Salthill and Monkstown,D2
Bray (Daly),Dun Laoghaire (Mallin),D2
Bray (Daly),Sandycove and Glasthule,D2
Bray (Daly),Glenageary,D2
Bray (Daly),Dalkey,D2
Bray (Daly),Killiney,D2
Bray (Daly),Shankill,D2
Bray (Daly),Greystones,D10
Bray (Daly),Kilcoole,D11
Bray (Daly),Wicklow,D12
Bray (Daly),Rathdrum,D13
Bray (Daly),Docklands,D2
Bray (Daly),Drumcondra,D2
Bray (Daly),Broombridge,D2
Bray (Daly),Pelletstown,D2
Bray (Daly),Ashtown,D2
Bray (Daly),Navan Road Parkway,D2
Bray (Daly),Castleknock,D2
Bray (Daly),Coolmine,D2
Bray (Daly),Clonsilla,D2
Bray (Daly),Hansfield,D2
Bray (Daly),Dunboyne,D2
Bray (Daly),M3 Parkway,D2
Bray (Daly),Leixlip(Confey),D2
Bray (Daly),Leixlip(Louisa Bridge),D2
Bray (Daly),Maynooth,D2
Bray (Daly),Kilcock,D90
Bray (Daly),Enfield,D91
Greystones,Drogheda (MacBride),D92
Greystones,Laytown,D92
Greystones,Gormanston,D91
Greystones,Balbriggan,D91
Greystones,Skerries,D91
Greystones,Rush and Lusk,D90
Greystones,Donabate,D90
Greystones,Malahide,D90
Greystones,Portmarnock,D90
Greystones,Clongriffin,D90
Greystones,Howth,D90
Greystones,Sutton,D90
Greystones,Bayside,D90
Greystones,Howth Junction and Donaghmede,D90
Greystones,Kilbarrack,D90
Greystones,Raheny,D90
Greystones,Harmonstown,D90
Greystones,Killester,D90
Greystones,Clontarf Road,D90
Greystones,Dublin Connolly,D90
Greystones,Tara Street,D90
Greystones,Dublin Pearse,D90
Greystones,Grand Canal Dock,D90
Greystones,Lansdowne Road,D90
Greystones,Sandymount,D90
Greystones,Sydney Parade,D90
Greystones,Booterstown,D90
Greystones,Blackrock,D11
Greystones,Seapoint,D11
Greystones,Salthill and Monkstown,D11
Greystones,Dun Laoghaire (Mallin),D11
Greystones,Sandycove and Glasthule,D11
Greystones,Glenageary,D11
Greystones,Dalkey,D11
Greystones,Killiney,D11
Greystones,Shankill,D11
Greystones,Bray (Daly),D10
Greystones,Kilcoole,D10
Greystones,Wicklow,D11
Greystones,Rathdrum,D12
Greystones,Docklands,D90
Greystones,Drumcondra,D90
Greystones,Broombridge,D90
Greystones,Pelletstown,D90
Greystones,Ashtown,D90
Greystones,Navan Road Parkway,D90
Greystones,Castleknock,D90
Greystones,Coolmine,D90
Greystones,Clonsilla,D90
Greystones,Hansfield,D90
Greystones,Dunboyne,D90
Greystones,M3 Parkway,D90
Greystones,Leixlip(Confey),D90
Greystones,Leixlip(Louisa Bridge),D90
Greystones,Maynooth,D90
Greystones,Kilcock,D91
Greystones,Enfield,D92
Kilcoole,Drogheda (MacBride),D92
Kilcoole,Laytown,D92
Kilcoole,Gormanston,D91
Kilcoole,Balbriggan,D91
Kilcoole,Skerries,D91
Kilcoole,Rush and Lusk,D90
Kilcoole,Donabate,D90
Kilcoole,Malahide,D90
Kilcoole,Portmarnock,D90
Kilcoole,Clongriffin,D90
Kilcoole,Howth,D90
Kilcoole,Sutton,D90
Kilcoole,Bayside,D90
Kilcoole,Howth Junction and Donaghmede,D90
Kilcoole,Kilbarrack,D90
Kilcoole,Raheny,D90
Kilcoole,Harmonstown,D90
Kilcoole,Killester,D90
Kilcoole,Clontarf Road,D90
Kilcoole,Dublin Connolly,D90
Kilcoole,Tara Street,D90
Kilcoole,Dublin Pearse,D90
Kilcoole,Grand Canal Dock,D90
Kilcoole,Lansdowne Road,D90
Kilcoole,Sandymount,D90
Kilcoole,Sydney Parade,D90
Kilcoole,Booterstown,D90
Kilcoole,Blackrock,D90
Kilcoole,Seapoint,D90
Kilcoole,Salthill and Monkstown,D90
Kilcoole,Dun Laoghaire (Mallin),D90
Kilcoole,Sandycove and Glasthule,D90
Kilcoole,Glenageary,D90
Kilcoole,Dalkey,D11
Kilcoole,Killiney,D11
Kilcoole,Shankill,D11
Kilcoole,Bray (Daly),D11
Kilcoole,Greystones,D10
Kilcoole,Wicklow,D11
Kilcoole,Rathdrum,D12
Kilcoole,Docklands,D90
Kilcoole,Drumcondra,D90
Kilcoole,Broombridge,D90
Kilcoole,Pelletstown,D90
Kilcoole,Ashtown,D90
Kilcoole,Navan Road Parkway,D90
Kilcoole,Castleknock,D90
Kilcoole,Coolmine,D90
Kilcoole,Clonsilla,D90
Kilcoole,Hansfield,D90
Kilcoole,Dunboyne,D90
Kilcoole,M3 Parkway,D90
Kilcoole,Leixlip(Confey),D90
Kilcoole,Leixlip(Louisa Bridge),D90
Kilcoole,Maynooth,D90
Kilcoole,Kilcock,D91
Kilcoole,Enfield,D92
Wicklow,Drogheda (MacBride),D93
Wicklow,Laytown,D93
Wicklow,Gormanston,D92
Wicklow,Balbriggan,D92
Wicklow,Skerries,D92
Wicklow,Rush and Lusk,D91
Wicklow,Donabate,D91
Wicklow,Malahide,D91
Wicklow,Portmarnock,D91
Wicklow,Clongriffin,D91
Wicklow,Howth,D91
Wicklow,Sutton,D91
Wicklow,Bayside,D91
Wicklow,Howth Junction and Donaghmede,D91
Wicklow,Kilbarrack,D91
Wicklow,Raheny,D91
Wicklow,Harmonstown,D91
Wicklow,Killester,D91
Wicklow,Clontarf Road,D91
Wicklow,Dublin Connolly,D91
Wicklow,Tara Street,D91
Wicklow,Dublin Pearse,D91
Wicklow,Grand Canal Dock,D91
Wicklow,Lansdowne Road,D91
Wicklow,Sandymount,D91
Wicklow,Sydney Parade,D91
Wicklow,Booterstown,D91
Wicklow,Blackrock,D91
Wicklow,Seapoint,D91
Wicklow,Salthill and Monkstown,D91
Wicklow,Dun Laoghaire (Mallin),D91
Wicklow,Sandycove and Glasthule,D91
Wicklow,Glenageary,D91
Wicklow,Dalkey,D91
Wicklow,Killiney,D91
Wicklow,Shankill,D12
Wicklow,Bray (Daly),D12
Wicklow,Greystones,D11
Wicklow,Kilcoole,D11
Wicklow,Rathdrum,D11
Wicklow,Docklands,D91
Wicklow,Drumcondra,D91
Wicklow,Broombridge,D91
Wicklow,Pelletstown,D91
Wicklow,Ashtown,D91
Wicklow,Navan Road Parkway,D91
Wicklow,Castleknock,D91
Wicklow,Coolmine,D91
Wicklow,Clonsilla,D91
Wicklow,Hansfield,D91
Wicklow,Dunboyne,D91
Wicklow,M3 Parkway,D91
Wicklow,Leixlip(Confey),D91
Wicklow,Leixlip(Louisa Bridge),D91
Wicklow,Maynooth,D91
Wicklow,Kilcock,D92
Wicklow,Enfield,D93
Rathdrum,Drogheda (MacBride),D94
Rathdrum,Laytown,D94
Rathdrum,Gormanston,D93
Rathdrum,Balbriggan,D93
Rathdrum,Skerries,D93
Rathdrum,Rush and Lusk,D92
Rathdrum,Donabate,D92
Rathdrum,Malahide,D92
Rathdrum,Portmarnock,D92
Rathdrum,Clongriffin,D92
Rathdrum,Howth,D92
Rathdrum,Sutton,D92
Rathdrum,Bayside,D92
Rathdrum,Howth Junction and Donaghmede,D92
Rathdrum,Kilbarrack,D92
Rathdrum,Raheny,D92
Rathdrum,Harmonstown,D92
Rathdrum,Killester,D92
Rathdrum,Clontarf Road,D92
Rathdrum,Dublin Connolly,D92
Rathdrum,Tara Street,D92
Rathdrum,Dublin Pearse,D92
Rathdrum,Grand Canal Dock,D92
Rathdrum,Lansdowne Road,D92
Rathdrum,Sandymount,D92
Rathdrum,Sydney Parade,D92
Rathdrum,Booterstown,D92
Rathdrum,Blackrock,D92
Rathdrum,Seapoint,D92
Rathdrum,Salthill and Monkstown,D92
Rathdrum,Dun Laoghaire (Mallin),D92
Rathdrum,Sandycove and Glasthule,D92
Rathdrum,Glenageary,D13
Rathdrum,Dalkey,D13
Rathdrum,Killiney,D13
Rathdrum,Shankill,D13
Rathdrum,Bray (Daly),D13
Rathdrum,Greystones,D12
Rathdrum,Kilcoole,D12
Rathdrum,Wicklow,D11
Rathdrum,Docklands,D92
Rathdrum,Drumcondra,D92
Rathdrum,Broombridge,D92
Rathdrum,Pelletstown,D92
Rathdrum,Ashtown,D92
Rathdrum,Navan Road Parkway,D92
Rathdrum,Castleknock,D92
Rathdrum,Coolmine,D92
Rathdrum,Clonsilla,D92
Rathdrum,Hansfield,D92
Rathdrum,Dunboyne,D92
Rathdrum,M3 Parkway,D92
Rathdrum,Leixlip(Confey),D92
Rathdrum,Leixlip(Louisa Bridge),D92
Rathdrum,Maynooth,D92
Rathdrum,Kilcock,D93
Rathdrum,Enfield,D94
Docklands,Drogheda (MacBride),D91
Docklands,Laytown,D91
Docklands,Gormanston,D90
Docklands,Balbriggan,D90
Docklands,Skerries,D90
Docklands,Rush and Lusk,D2
Docklands,Donabate,D2
Docklands,Malahide,D2
Docklands,Portmarnock,D2
Docklands,Clongriffin,D2
Docklands,Howth,D2
Docklands,Sutton,D2
Docklands,Bayside,D2
Docklands,Howth Junction and Donaghmede,D2
Docklands,Kilbarrack,D2
Docklands,Raheny,D2
Docklands,Harmonstown,D2
Docklands,Killester,D2
Docklands,Clontarf Road,D2
Docklands,Dublin Connolly,D2
Docklands,Tara Street,D2
Docklands,Dublin Pearse,D2
Docklands,Grand Canal Dock,D2
Docklands,Lansdowne Road,D2
Docklands,Sandymount,D2
Docklands,Sydney Parade,D2
Docklands,Booterstown,D2
Docklands,Blackrock,D2
Docklands,Seapoint,D2
Docklands,Salthill and Monkstown,D2
Docklands,Dun Laoghaire (Mallin),D2
Docklands,Sandycove and Glasthule,D2
Docklands,Glenageary,D2
Docklands,Dalkey,D2
Docklands,Killiney,D2
Docklands,Shankill,D2
Docklands,Bray (Daly),D2
Docklands,Greystones,D90
Docklands,Kilcoole,D90
Docklands,Wicklow,D91
Docklands,Rathdrum,D92
Docklands,Drumcondra,D2
Docklands,Broombridge,D2
Docklands,Pelletstown,D2
Docklands,Ashtown,D2
Docklands,Navan Road Parkway,D2
Docklands,Castleknock,D2
Docklands,Coolmine,D2
Docklands,Clonsilla,D2
Docklands,Hansfield,D2
Docklands,Dunboyne,D2
Docklands,M3 Parkway,D2
Docklands,Leixlip(Confey),D2
Docklands,Leixlip(Louisa Bridge),D2
Docklands,Maynooth,D2
Docklands,Kilcock,D90
Docklands,Enfield,D91
Drumcondra,Drogheda (MacBride),D91
Drumcondra,Laytown,D91
Drumcondra,Gormanston,D90
Drumcondra,Balbriggan,D90
Drumcondra,Skerries,D90
Drumcondra,Rush and Lusk,D2
Drumcondra,Donabate,D2
Drumcondra,Malahide,D2
Drumcondra,Portmarnock,D2
Drumcondra,Clongriffin,D2
Drumcondra,Howth,D2
Drumcondra,Sutton,D2
Drumcondra,Bayside,D2
Drumcondra,Howth Junction and Donaghmede,D2
Drumcondra,Kilbarrack,D2
Drumcondra,Raheny,D2
Drumcondra,Harmonstown,D2
Drumcondra,Killester,D2
Drumcondra,Clontarf Road,D1
Drumcondra,Dublin Connolly,D1
Drumcondra,Tara Street,D1
Drumcondra,Dublin Pearse,D1
Drumcondra,Grand Canal Dock,D1
Drumcondra,Lansdowne Road,D2
Drumcondra,Sandymount,D2
Drumcondra,Sydney Parade,D2
Drumcondra,Booterstown,D2
Drumcondra,Blackrock,D2
Drumcondra,Seapoint,D2
Drumcondra,Salthill and Monkstown,D2
Drumcondra,Dun Laoghaire (Mallin),D2
Drumcondra,Sandycove and Glasthule,D2
Drumcondra,Glenageary,D2
Drumcondra,Dalkey,D2
Drumcondra,Killiney,D2
Drumcondra,Shankill,D2
Drumcondra,Bray (Daly),D2
Drumcondra,Greystones,D90
Drumcondra,Kilcoole,D90
Drumcondra,Wicklow,D91
Drumcondra,Rathdrum,D92
Drumcondra,Docklands,D2
Drumcondra,Broombridge,D1
Drumcondra,Pelletstown,D2
Drumcondra,Ashtown,D2
Drumcondra,Navan Road Parkway,D2
Drumcondra,Castleknock,D2
Drumcondra,Coolmine,D2
Drumcondra,Clonsilla,D2
Drumcondra,Hansfield,D2
Drumcondra,Dunboyne,D2
Drumcondra,M3 Parkway,D2
Drumcondra,Leixlip(Confey),D2
Drumcondra,Leixlip(Louisa Bridge),D2
Drumcondra,Maynooth,D2
Drumcondra,Kilcock,D90
Drumcondra,Enfield,D91
Broombridge,Drogheda (MacBride),D91
Broombridge,Laytown,D91
Broombridge,Gormanston,D90
Broombridge,Balbriggan,D90
Broombridge,Skerries,D90
Broombridge,Rush and Lusk,D2
Broombridge,Donabate,D2
Broombridge,Malahide,D2
Broombridge,Portmarnock,D2
Broombridge,Clongriffin,D2
Broombridge,Howth,D2
Broombridge,Sutton,D2
Broombridge,Bayside,D2
Broombridge,Howth Junction and Donaghmede,D2
Broombridge,Kilbarrack,D2
Broombridge,Raheny,D2
Broombridge,Harmonstown,D2
Broombridge,Killester,D2
Broombridge,Clontarf Road,D2
Broombridge,Dublin Connolly,D2
Broombridge,Tara Street,D2
Broombridge,Dublin Pearse,D2
Broombridge,Grand Canal Dock,D2
Broombridge,Lansdowne Road,D2
Broombridge,Sandymount,D2
Broombridge,Sydney Parade,D2
Broombridge,Booterstown,D2
Broombridge,Blackrock,D2
Broombridge,Seapoint,D2
Broombridge,Salthill and Monkstown,D2
Broombridge,Dun Laoghaire (Mallin),D2
Broombridge,Sandycove and Glasthule,D2
Broombridge,Glenageary,D2
Broombridge,Dalkey,D2
Broombridge,Killiney,D2
Broombridge,Shankill,D2
Broombridge,Bray (Daly),D2
Broombridge,Greystones,D90
Broombridge,Kilcoole,D90
Broombridge,Wicklow,D91
Broombridge,Rathdrum,D92
Broombridge,Docklands,D2
Broombridge,Drumcondra,D1
Broombridge,Pelletstown,D1
Broombridge,Ashtown,D1
Broombridge,Navan Road Parkway,D2
Broombridge,Castleknock,D2
Broombridge,Coolmine,D2
Broombridge,Clonsilla,D2
Broombridge,Hansfield,D2
Broombridge,Dunboyne,D2
Broombridge,M3 Parkway,D2
Broombridge,Leixlip(Confey),D2
Broombridge,Leixlip(Louisa Bridge),D2
Broombridge,Maynooth,D2
Broombridge,Kilcock,D90
Broombridge,Enfield,D91
Pelletstown,Drogheda (MacBride),D91
Pelletstown,Laytown,D91
Pelletstown,Gormanston,D90
Pelletstown,Balbriggan,D90
Pelletstown,Skerries,D90
Pelletstown,Rush and Lusk,D2
Pelletstown,Donabate,D2
Pelletstown,Malahide,D2
Pelletstown,Portmarnock,D2
Pelletstown,Clongriffin,D2
Pelletstown,Howth,D2
Pelletstown,Sutton,D2
Pelletstown,Bayside,D2
Pelletstown,Howth Junction and Donaghmede,D2
Pelletstown,Kilbarrack,D2
Pelletstown,Raheny,D2
Pelletstown,Harmonstown,D2
Pelletstown,Killester,D2
Pelletstown,Clontarf Road,D2
Pelletstown,Dublin Connolly,D2
Pelletstown,Tara Street,D2
Pelletstown,Dublin Pearse,D2
Pelletstown,Grand Canal Dock,D2
Pelletstown,Lansdowne Road,D2
Pelletstown,Sandymount,D2
Pelletstown,Sydney Parade,D2
Pelletstown,Booterstown,D2
Pelletstown,Blackrock,D2
Pelletstown,Seapoint,D2
Pelletstown,Salthill and Monkstown,D2
Pelletstown,Dun Laoghaire (Mallin),D2
Pelletstown,Sandycove and Glasthule,D2
Pelletstown,Glenageary,D2
Pelletstown,Dalkey,D2
Pelletstown,Killiney,D2
Pelletstown,Shankill,D2
Pelletstown,Bray (Daly),D2
Pelletstown,Greystones,D90
Pelletstown,Kilcoole,D90
Pelletstown,Wicklow,D91
Pelletstown,Rathdrum,D92
Pelletstown,Docklands,D2
Pelletstown,Drumcondra,D2
Pelletstown,Broombridge,D1
Pelletstown,Ashtown,D1
Pelletstown,Navan Road Parkway,D1
Pelletstown,Castleknock,D2
Pelletstown,Coolmine,D2
Pelletstown,Clonsilla,D2
Pelletstown,Hansfield,D2
Pelletstown,Dunboyne,D2
Pelletstown,M3 Parkway,D2
Pelletstown,Leixlip(Confey),D2
Pelletstown,Leixlip(Louisa Bridge),D2
Pelletstown,Maynooth,D2
Pelletstown,Kilcock,D90
Pelletstown,Enfield,D91
Ashtown,Drogheda (MacBride),D91
Ashtown,Laytown,D91
Ashtown,Gormanston,D90
Ashtown,Balbriggan,D90
Ashtown,Skerries,D90
Ashtown,Rush and Lusk,D2
Ashtown,Donabate,D2
Ashtown,Malahide,D2
Ashtown,Portmarnock,D2
Ashtown,Clongriffin,D2
Ashtown,Howth,D2
Ashtown,Sutton,D2
Ashtown,Bayside,D2
Ashtown,Howth Junction and Donaghmede,D2
Ashtown,Kilbarrack,D2
Ashtown,Raheny,D2
Ashtown,Harmonstown,D2
Ashtown,Killester,D2
Ashtown,Clontarf Road,D2
Ashtown,Dublin Connolly,D2
Ashtown,Tara Street,D2
Ashtown,Dublin Pearse,D2
Ashtown,Grand Canal Dock,D2
Ashtown,Lansdowne Road,D2
Ashtown,Sandymount,D2
Ashtown,Sydney Parade,D2
Ashtown,Booterstown,D2
Ashtown,Blackrock,D2
Ashtown,Seapoint,D2
Ashtown,Salthill and Monkstown,D2
Ashtown,Dun Laoghaire (Mallin),D2
Ashtown,Sandycove and Glasthule,D2
Ashtown,Glenageary,D2
Ashtown,Dalkey,D2
Ashtown,Killiney,D2
Ashtown,Shankill,D2
Ashtown,Bray (Daly),D2
Ashtown,Greystones,D90
Ashtown,Kilcoole,D90
Ashtown,Wicklow,D91
Ashtown,Rathdrum,D92
Ashtown,Docklands,D2
Ashtown,Drumcondra,D2
Ashtown,Broombridge,D1
Ashtown,Pelletstown,D1
Ashtown,Navan Road Parkway,D1
Ashtown,Castleknock,D1
Ashtown,Coolmine,D2
Ashtown,Clonsilla,D2
Ashtown,Hansfield,D2
Ashtown,Dunboyne,D2
Ashtown,M3 Parkway,D2
Ashtown,Leixlip(Confey),D2
Ashtown,Leixlip(Louisa Bridge),D2
Ashtown,Maynooth,D2
Ashtown,Kilcock,D90
Ashtown,Enfield,D91
Navan Road Parkway,Drogheda (MacBride),D91
Navan Road Parkway,Laytown,D91
Navan Road Parkway,Gormanston,D90
Navan Road Parkway,Balbriggan,D90
Navan Road Parkway,Skerries,D90
Navan Road Parkway,Rush and Lusk,D2
Navan Road Parkway,Donabate,D2
Navan Road Parkway,Malahide,D2
Navan Road Parkway,Portmarnock,D2
Navan Road Parkway,Clongriffin,D2
Navan Road Parkway,Howth,D2
Navan Road Parkway,Sutton,D2
Navan Road Parkway,Bayside,D2
Navan Road Parkway,Howth Junction and Donaghmede,D2
Navan Road Parkway,Kilbarrack,D2
Navan Road Parkway,Raheny,D2
Navan Road Parkway,Harmonstown,D2
Navan Road Parkway,Killester,D2
Navan Road Parkway,Clontarf Road,D2
Navan Road Parkway,Dublin Connolly,D2
Navan Road Parkway,Tara Street,D2
Navan Road Parkway,Dublin Pearse,D2
Navan Road Parkway,Grand Canal Dock,D2
Navan Road Parkway,Lansdowne Road,D2
Navan Road Parkway,Sandymount,D2
Navan Road Parkway,Sydney Parade,D2
Navan Road Parkway,Booterstown,D2
Navan Road Parkway,Blackrock,D2
Navan Road Parkway,Seapoint,D2
Navan Road Parkway,Salthill and Monkstown,D2
Navan Road Parkway,Dun Laoghaire (Mallin),D2
Navan Road Parkway,Sandycove and Glasthule,D2
Navan Road Parkway,Glenageary,D2
Navan Road Parkway,Dalkey,D2
Navan Road Parkway,Killiney,D2
Navan Road Parkway,Shankill,D2
Navan Road Parkway,Bray (Daly),D2
Navan Road Parkway,Greystones,D90
Navan Road Parkway,Kilcoole,D90
Navan Road Parkway,Wicklow,D91
Navan Road Parkway,Rathdrum,D92
Navan Road Parkway,Docklands,D2
Navan Road Parkway,Drumcondra,D2
Navan Road Parkway,Broombridge,D2
Navan Road Parkway,Pelletstown,D1
Navan Road Parkway,Ashtown,D1
Navan Road Parkway,Castleknock,D1
Navan Road Parkway,Coolmine,D2
Navan Road Parkway,Clonsilla,D2
Navan Road Parkway,Hansfield,D2
Navan Road Parkway,Dunboyne,D2
Navan Road Parkway,M3 Parkway,D2
Navan Road Parkway,Leixlip(Confey),D2
Navan Road Parkway,Leixlip(Louisa Bridge),D2
Navan Road Parkway,Maynooth,D2
Navan Road Parkway,Kilcock,D90
Navan Road Parkway,Enfield,D91
Castleknock,Drogheda (MacBride),D91
Castleknock,Laytown,D91
Castleknock,Gormanston,D90
Castleknock,Balbriggan,D90
Castleknock,Skerries,D90
Castleknock,Rush and Lusk,D2
Castleknock,Donabate,D2
Castleknock,Malahide,D2
Castleknock,Portmarnock,D2
Castleknock,Clongriffin,D2
Castleknock,Howth,D2
Castleknock,Sutton,D2
Castleknock,Bayside,D2
Castleknock,Howth Junction and Donaghmede,D2
Castleknock,Kilbarrack,D2
Castleknock,Raheny,D2
Castleknock,Harmonstown,D2
Castleknock,Killester,D2
Castleknock,Clontarf Road,D2
Castleknock,Dublin Connolly,D2
Castleknock,Tara Street,D2
Castleknock,Dublin Pearse,D2
Castleknock,Grand Canal Dock,D2
Castleknock,Lansdowne Road,D2
Castleknock,Sandymount,D2
Castleknock,Sydney Parade,D2
Castleknock,Booterstown,D2
Castleknock,Blackrock,D2
Castleknock,Seapoint,D2
Castleknock,Salthill and Monkstown,D2
Castleknock,Dun Laoghaire (Mallin),D2
Castleknock,Sandycove and Glasthule,D2
Castleknock,Glenageary,D2
Castleknock,Dalkey,D2
Castleknock,Killiney,D2
Castleknock,Shankill,D2
Castleknock,Bray (Daly),D2
Castleknock,Greystones,D90
Castleknock,Kilcoole,D90
Castleknock,Wicklow,D91
Castleknock,Rathdrum,D92
Castleknock,Docklands,D2
Castleknock,Drumcondra,D2
Castleknock,Broombridge,D2
Castleknock,Pelletstown,D2
Castleknock,Ashtown,D1
Castleknock,Navan Road Parkway,D1
Castleknock,Coolmine,D1
Castleknock,Clonsilla,D2
Castleknock,Hansfield,D2
Castleknock,Dunboyne,D2
Castleknock,M3 Parkway,D2
Castleknock,Leixlip(Confey),D2
Castleknock,Leixlip(Louisa Bridge),D2
Castleknock,Maynooth,D2
Castleknock,Kilcock,D11
Castleknock,Enfield,D91
Coolmine,Drogheda (MacBride),D91
Coolmine,Laytown,D91
Coolmine,Gormanston,D90
Coolmine,Balbriggan,D90
Coolmine,Skerries,D90
Coolmine,Rush and Lusk,D2
Coolmine,Donabate,D2
Coolmine,Malahide,D2
Coolmine,Portmarnock,D2
Coolmine,Clongriffin,D2
Coolmine,Howth,D2
Coolmine,Sutton,D2
Coolmine,Bayside,D2
Coolmine,Howth Junction and Donaghmede,D2
Coolmine,Kilbarrack,D2
Coolmine,Raheny,D2
Coolmine,Harmonstown,D2
Coolmine,Killester,D2
Coolmine,Clontarf Road,D2
Coolmine,Dublin Connolly,D2
Coolmine,Tara Street,D2
Coolmine,Dublin Pearse,D2
Coolmine,Grand Canal Dock,D2
Coolmine,Lansdowne Road,D2
Coolmine,Sandymount,D2
Coolmine,Sydney Parade,D2
Coolmine,Booterstown,D2
Coolmine,Blackrock,D2
Coolmine,Seapoint,D2
Coolmine,Salthill and Monkstown,D2
Coolmine,Dun Laoghaire (Mallin),D2
Coolmine,Sandycove and Glasthule,D2
Coolmine,Glenageary,D2
Coolmine,Dalkey,D2
Coolmine,Killiney,D2
Coolmine,Shankill,D2
Coolmine,Bray (Daly),D2
Coolmine,Greystones,D90
Coolmine,Kilcoole,D90
Coolmine,Wicklow,D91
Coolmine,Rathdrum,D92
Coolmine,Docklands,D2
Coolmine,Drumcondra,D2
Coolmine,Broombridge,D2
Coolmine,Pelletstown,D2
Coolmine,Ashtown,D2
Coolmine,Navan Road Parkway,D2
Coolmine,Castleknock,D1
Coolmine,Clonsilla,D1
Coolmine,Hansfield,D2
Coolmine,Dunboyne,D2
Coolmine,M3 Parkway,D2
Coolmine,Leixlip(Confey),D2
Coolmine,Leixlip(Louisa Bridge),D2
Coolmine,Maynooth,D2
Coolmine,Kilcock,D11
Coolmine,Enfield,D12
Clonsilla,Drogheda (MacBride),D91
Clonsilla,Laytown,D91
Clonsilla,Gormanston,D90
Clonsilla,Balbriggan,D90
Clonsilla,Skerries,D90
Clonsilla,Rush and Lusk,D2
Clonsilla,Donabate,D2
Clonsilla,Malahide,D2
Clonsilla,Portmarnock,D2
Clonsilla,Clongriffin,D2
Clonsilla,Howth,D2
Clonsilla,Sutton,D2
Clonsilla,Bayside,D2
Clonsilla,Howth Junction and Donaghmede,D2
Clonsilla,Kilbarrack,D2
Clonsilla,Raheny,D2
Clonsilla,Harmonstown,D2
Clonsilla,Killester,D2
Clonsilla,Clontarf Road,D2
Clonsilla,Dublin Connolly,D2
Clonsilla,Tara Street,D2
Clonsilla,Dublin Pearse,D2
Clonsilla,Grand Canal Dock,D2
Clonsilla,Lansdowne Road,D2
Clonsilla,Sandymount,D2
Clonsilla,Sydney Parade,D2
Clonsilla,Booterstown,D2
Clonsilla,Blackrock,D2
Clonsilla,Seapoint,D2
Clonsilla,Salthill and Monkstown,D2
Clonsilla,Dun Laoghaire (Mallin),D2
Clonsilla,Sandycove and Glasthule,D2
Clonsilla,Glenageary,D2
Clonsilla,Dalkey,D2
Clonsilla,Killiney,D2
Clonsilla,Shankill,D2
Clonsilla,Bray (Daly),D2
Clonsilla,Greystones,D90
Clonsilla,Kilcoole,D90
Clonsilla,Wicklow,D91
Clonsilla,Rathdrum,D92
Clonsilla,Docklands,D2
Clonsilla,Drumcondra,D2
Clonsilla,Broombridge,D2
Clonsilla,Pelletstown,D2
Clonsilla,Ashtown,D2
Clonsilla,Navan Road Parkway,D2
Clonsilla,Castleknock,D2
Clonsilla,Coolmine,D1
Clonsilla,Hansfield,D1
Clonsilla,Dunboyne,D2
Clonsilla,M3 Parkway,D2
Clonsilla,Leixlip(Confey),D2
Clonsilla,Leixlip(Louisa Bridge),D2
Clonsilla,Maynooth,D2
Clonsilla,Kilcock,D11
Clonsilla,Enfield,D12
Hansfield,Drogheda (MacBride),D91
Hansfield,Laytown,D91
Hansfield,Gormanston,D90
Hansfield,Balbriggan,D90
Hansfield,Skerries,D90
Hansfield,Rush and Lusk,D2
Hansfield,Donabate,D2
Hansfield,Malahide,D2
Hansfield,Portmarnock,D2
Hansfield,Clongriffin,D2
Hansfield,Howth,D2
Hansfield,Sutton,D2
Hansfield,Bayside,D2
Hansfield,Howth Junction and Donaghmede,D2
Hansfield,Kilbarrack,D2
Hansfield,Raheny,D2
Hansfield,Harmonstown,D2
Hansfield,Killester,D2
Hansfield,Clontarf Road,D2
Hansfield,Dublin Connolly,D2
Hansfield,Tara Street,D2
Hansfield,Dublin Pearse,D2
Hansfield,Grand Canal Dock,D2
Hansfield,Lansdowne Road,D2
Hansfield,Sandymount,D2
Hansfield,Sydney Parade,D2
Hansfield,Booterstown,D2
Hansfield,Blackrock,D2
Hansfield,Seapoint,D2
Hansfield,Salthill and Monkstown,D2
Hansfield,Dun Laoghaire (Mallin),D2
Hansfield,Sandycove and Glasthule,D2
Hansfield,Glenageary,D2
Hansfield,Dalkey,D2
Hansfield,Killiney,D2
Hansfield,Shankill,D2
Hansfield,Bray (Daly),D2
Hansfield,Greystones,D90
Hansfield,Kilcoole,D90
Hansfield,Wicklow,D91
Hansfield,Rathdrum,D92
Hansfield,Docklands,D2
Hansfield,Drumcondra,D2
Hansfield,Broombridge,D2
Hansfield,Pelletstown,D2
Hansfield,Ashtown,D2
Hansfield,Navan Road Parkway,D2
Hansfield,Castleknock,D2
Hansfield,Coolmine,D2
Hansfield,Clonsilla,D1
Hansfield,Dunboyne,D2
Hansfield,M3 Parkway,D2
Hansfield,Leixlip(Confey),D2
Hansfield,Leixlip(Louisa Bridge),D2
Hansfield,Maynooth,D2
Hansfield,Kilcock,D11
Hansfield,Enfield,D12
Dunboyne,Drogheda (MacBride),D91
Dunboyne,Laytown,D91
Dunboyne,Gormanston,D90
Dunboyne,Balbriggan,D90
Dunboyne,Skerries,D90
Dunboyne,Rush and Lusk,D2
Dunboyne,Donabate,D2
Dunboyne,Malahide,D2
Dunboyne,Portmarnock,D2
Dunboyne,Clongriffin,D2
Dunboyne,Howth,D2
Dunboyne,Sutton,D2
Dunboyne,Bayside,D2
Dunboyne,Howth Junction and Donaghmede,D2
Dunboyne,Kilbarrack,D2
Dunboyne,Raheny,D2
Dunboyne,Harmonstown,D2
Dunboyne,Killester,D2
Dunboyne,Clontarf Road,D2
Dunboyne,Dublin Connolly,D2
Dunboyne,Tara Street,D2
Dunboyne,Dublin Pearse,D2
Dunboyne,Grand Canal Dock,D2
Dunboyne,Lansdowne Road,D2
Dunboyne,Sandymount,D2
Dunboyne,Sydney Parade,D2
Dunboyne,Booterstown,D2
Dunboyne,Blackrock,D2
Dunboyne,Seapoint,D2
Dunboyne,Salthill and Monkstown,D2
Dunboyne,Dun Laoghaire (Mallin),D2
Dunboyne,Sandycove and Glasthule,D2
Dunboyne,Glenageary,D2
Dunboyne,Dalkey,D2
Dunboyne,Killiney,D2
Dunboyne,Shankill,D2
Dunboyne,Bray (Daly),D2
Dunboyne,Greystones,D90
Dunboyne,Kilcoole,D90
Dunboyne,Wicklow,D91
Dunboyne,Rathdrum,D92
Dunboyne,Docklands,D2
Dunboyne,Drumcondra,D2
Dunboyne,Broombridge,D2
Dunboyne,Pelletstown,D2
Dunboyne,Ashtown,D2
Dunboyne,Navan Road Parkway,D2
Dunboyne,Castleknock,D2
Dunboyne,Coolmine,D2
Dunboyne,Clonsilla,D2
Dunboyne,Hansfield,D2
Dunboyne,M3 Parkway,D1
Dunboyne,Leixlip(Confey),D2
Dunboyne,Leixlip(Louisa Bridge),D2
Dunboyne,Maynooth,D2
Dunboyne,Kilcock,D11
Dunboyne,Enfield,D12
M3 Parkway,Drogheda (MacBride),D91
M3 Parkway,Laytown,D91
M3 Parkway,Gormanston,D90
M3 Parkway,Balbriggan,D90
M3 Parkway,Skerries,D90
M3 Parkway,Rush and Lusk,D2
M3 Parkway,Donabate,D2
M3 Parkway,Malahide,D2
M3 Parkway,Portmarnock,D2
M3 Parkway,Clongriffin,D2
M3 Parkway,Howth,D2
M3 Parkway,Sutton,D2
M3 Parkway,Bayside,D2
M3 Parkway,Howth Junction and Donaghmede,D2
M3 Parkway,Kilbarrack,D2
M3 Parkway,Raheny,D2
M3 Parkway,Harmonstown,D2
M3 Parkway,Killester,D2
M3 Parkway,Clontarf Road,D2
M3 Parkway,Dublin Connolly,D2
M3 Parkway,Tara Street,D2
M3 Parkway,Dublin Pearse,D2
M3 Parkway,Grand Canal Dock,D2
M3 Parkway,Lansdowne Road,D2
M3 Parkway,Sandymount,D2
M3 Parkway,Sydney Parade,D2
M3 Parkway,Booterstown,D2
M3 Parkway,Blackrock,D2
M3 Parkway,Seapoint,D2
M3 Parkway,Salthill and Monkstown,D2
M3 Parkway,Dun Laoghaire (Mallin),D2
M3 Parkway,Sandycove and Glasthule,D2
M3 Parkway,Glenageary,D2
M3 Parkway,Dalkey,D2
M3 Parkway,Killiney,D2
M3 Parkway,Shankill,D2
M3 Parkway,Bray (Daly),D2
M3 Parkway,Greystones,D90
M3 Parkway,Kilcoole,D90
M3 Parkway,Wicklow,D91
M3 Parkway,Rathdrum,D92
M3 Parkway,Docklands,D2
M3 Parkway,Drumcondra,D2
M3 Parkway,Broombridge,D2
M3 Parkway,Pelletstown,D2
M3 Parkway,Ashtown,D2
M3 Parkway,Navan Road Parkway,D2
M3 Parkway,Castleknock,D2
M3 Parkway,Coolmine,D2
M3 Parkway,Clonsilla,D2
M3 Parkway,Hansfield,D2
M3 Parkway,Dunboyne,D1
M3 Parkway,Leixlip(Confey),D2
M3 Parkway,Leixlip(Louisa Bridge),D2
M3 Parkway,Maynooth,D2
M3 Parkway,Kilcock,D11
M3 Parkway,Enfield,D12
Leixlip(Confey),Drogheda (MacBride),D91
Leixlip(Confey),Laytown,D91
Leixlip(Confey),Gormanston,D90
Leixlip(Confey),Balbriggan,D90
Leixlip(Confey),Skerries,D90
Leixlip(Confey),Rush and Lusk,D2
Leixlip(Confey),Donabate,D2
Leixlip(Confey),Malahide,D2
Leixlip(Confey),Portmarnock,D2
Leixlip(Confey),Clongriffin,D2
Leixlip(Confey),Howth,D2
Leixlip(Confey),Sutton,D2
Leixlip(Confey),Bayside,D2
Leixlip(Confey),Howth Junction and Donaghmede,D2
Leixlip(Confey),Kilbarrack,D2
Leixlip(Confey),Raheny,D2
Leixlip(Confey),Harmonstown,D2
Leixlip(Confey),Killester,D2
Leixlip(Confey),Clontarf Road,D2
Leixlip(Confey),Dublin Connolly,D2
Leixlip(Confey),Tara Street,D2
Leixlip(Confey),Dublin Pearse,D2
Leixlip(Confey),Grand Canal Dock,D2
Leixlip(Confey),Lansdowne Road,D2
Leixlip(Confey),Sandymount,D2
Leixlip(Confey),Sydney Parade,D2
Leixlip(Confey),Booterstown,D2
Leixlip(Confey),Blackrock,D2
Leixlip(Confey),Seapoint,D2
Leixlip(Confey),Salthill and Monkstown,D2
Leixlip(Confey),Dun Laoghaire (Mallin),D2
Leixlip(Confey),Sandycove and Glasthule,D2
Leixlip(Confey),Glenageary,D2
Leixlip(Confey),Dalkey,D2
Leixlip(Confey),Killiney,D2
Leixlip(Confey),Shankill,D2
Leixlip(Confey),Bray (Daly),D2
Leixlip(Confey),Greystones,D90
Leixlip(Confey),Kilcoole,D90
Leixlip(Confey),Wicklow,D91
Leixlip(Confey),Rathdrum,D92
Leixlip(Confey),Docklands,D2
Leixlip(Confey),Drumcondra,D2
Leixlip(Confey),Broombridge,D2
Leixlip(Confey),Pelletstown,D2
Leixlip(Confey),Ashtown,D2
Leixlip(Confey),Navan Road Parkway,D2
Leixlip(Confey),Castleknock,D2
Leixlip(Confey),Coolmine,D2
Leixlip(Confey),Clonsilla,D2
Leixlip(Confey),Hansfield,D2
Leixlip(Confey),Dunboyne,D2
Leixlip(Confey),M3 Parkway,D2
Leixlip(Confey),Leixlip(Louisa Bridge),D1
Leixlip(Confey),Maynooth,D2
Leixlip(Confey),Kilcock,D11
Leixlip(Confey),Enfield,D12
Leixlip(Louisa Bridge),Drogheda (MacBride),D91
Leixlip(Louisa Bridge),Laytown,D91
Leixlip(Louisa Bridge),Gormanston,D90
Leixlip(Louisa Bridge),Balbriggan,D90
Leixlip(Louisa Bridge),Skerries,D90
Leixlip(Louisa Bridge),Rush and Lusk,D2
Leixlip(Louisa Bridge),Donabate,D2
Leixlip(Louisa Bridge),Malahide,D2
Leixlip(Louisa Bridge),Portmarnock,D2
Leixlip(Louisa Bridge),Clongriffin,D2
Leixlip(Louisa Bridge),Howth,D2
Leixlip(Louisa Bridge),Sutton,D2
Leixlip(Louisa Bridge),Bayside,D2
Leixlip(Louisa Bridge),Howth Junction and Donaghmede,D2
Leixlip(Louisa Bridge),Kilbarrack,D2
Leixlip(Louisa Bridge),Raheny,D2
Leixlip(Louisa Bridge),Harmonstown,D2
Leixlip(Louisa Bridge),Killester,D2
Leixlip(Louisa Bridge),Clontarf Road,D2
Leixlip(Louisa Bridge),Dublin Connolly,D2
Leixlip(Louisa Bridge),Tara Street,D2
Leixlip(Louisa Bridge),Dublin Pearse,D2
Leixlip(Louisa Bridge),Grand Canal Dock,D2
Leixlip(Louisa Bridge),Lansdowne Road,D2
Leixlip(Louisa Bridge),Sandymount,D2
Leixlip(Louisa Bridge),Sydney Parade,D2
Leixlip(Louisa Bridge),Booterstown,D2
Leixlip(Louisa Bridge),Blackrock,D2
Leixlip(Louisa Bridge),Seapoint,D2
Leixlip(Louisa Bridge),Salthill and Monkstown,D2
Leixlip(Louisa Bridge),Dun Laoghaire (Mallin),D2
Leixlip(Louisa Bridge),Sandycove and Glasthule,D2
Leixlip(Louisa Bridge),Glenageary,D2
Leixlip(Louisa Bridge),Dalkey,D2
Leixlip(Louisa Bridge),Killiney,D2
Leixlip(Louisa Bridge),Shankill,D2
Leixlip(Louisa Bridge),Bray (Daly),D2
Leixlip(Louisa Bridge),Greystones,D90
Leixlip(Louisa Bridge),Kilcoole,D90
Leixlip(Louisa Bridge),Wicklow,D91
Leixlip(Louisa Bridge),Rathdrum,D92
Leixlip(Louisa Bridge),Docklands,D2
Leixlip(Louisa Bridge),Drumcondra,D2
Leixlip(Louisa Bridge),Broombridge,D2
Leixlip(Louisa Bridge),Pelletstown,D2
Leixlip(Louisa Bridge),Ashtown,D2
Leixlip(Louisa Bridge),Navan Road Parkway,D2
Leixlip(Louisa Bridge),Castleknock,D2
Leixlip(Louisa Bridge),Coolmine,D2
Leixlip(Louisa Bridge),Clonsilla,D2
Leixlip(Louisa Bridge),Hansfield,D2
Leixlip(Louisa Bridge),Dunboyne,D2
Leixlip(Louisa Bridge),M3 Parkway,D2
Leixlip(Louisa Bridge),Leixlip(Confey),D1
Leixlip(Louisa Bridge),Maynooth,D2
Leixlip(Louisa Bridge),Kilcock,D11
Leixlip(Louisa Bridge),Enfield,D12
Maynooth,Drogheda (MacBride),D91
Maynooth,Laytown,D91
Maynooth,Gormanston,D90
Maynooth,Balbriggan,D90
Maynooth,Skerries,D90
Maynooth,Rush and Lusk,D2
Maynooth,Donabate,D2
Maynooth,Malahide,D2
Maynooth,Portmarnock,D2
Maynooth,Clongriffin,D2
Maynooth,Howth,D2
Maynooth,Sutton,D2
Maynooth,Bayside,D2
Maynooth,Howth Junction and Donaghmede,D2
Maynooth,Kilbarrack,D2
Maynooth,Raheny,D2
Maynooth,Harmonstown,D2
Maynooth,Killester,D2
Maynooth,Clontarf Road,D2
Maynooth,Dublin Connolly,D2
Maynooth,Tara Street,D2
Maynooth,Dublin Pearse,D2
Maynooth,Grand Canal Dock,D2
Maynooth,Lansdowne Road,D2
Maynooth,Sandymount,D2
Maynooth,Sydney Parade,D2
Maynooth,Booterstown,D2
Maynooth,Blackrock,D2
Maynooth,Seapoint,D2
Maynooth,Salthill and Monkstown,D2
Maynooth,Dun Laoghaire (Mallin),D2
Maynooth,Sandycove and Glasthule,D2
Maynooth,Glenageary,D2
Maynooth,Dalkey,D2
Maynooth,Killiney,D2
Maynooth,Shankill,D2
Maynooth,Bray (Daly),D2
Maynooth,Greystones,D90
Maynooth,Kilcoole,D90
Maynooth,Wicklow,D91
Maynooth,Rathdrum,D92
Maynooth,Docklands,D2
Maynooth,Drumcondra,D2
Maynooth,Broombridge,D2
Maynooth,Pelletstown,D2
Maynooth,Ashtown,D2
Maynooth,Navan Road Parkway,D2
Maynooth,Castleknock,D2
Maynooth,Coolmine,D2
Maynooth,Clonsilla,D2
Maynooth,Hansfield,D2
Maynooth,Dunboyne,D2
Maynooth,M3 Parkway,D2
Maynooth,Leixlip(Confey),D2
Maynooth,Leixlip(Louisa Bridge),D2
Maynooth,Kilcock,D10
Maynooth,Enfield,D11
Kilcock,Drogheda (MacBride),D92
Kilcock,Laytown,D92
Kilcock,Gormanston,D91
Kilcock,Balbriggan,D91
Kilcock,Skerries,D91
Kilcock,Rush and Lusk,D90
Kilcock,Donabate,D90
Kilcock,Malahide,D90
Kilcock,Portmarnock,D90
Kilcock,Clongriffin,D90
Kilcock,Howth,D90
Kilcock,Sutton,D90
Kilcock,Bayside,D90
Kilcock,Howth Junction and Donaghmede,D90
Kilcock,Kilbarrack,D90
Kilcock,Raheny,D90
Kilcock,Harmonstown,D90
Kilcock,Killester,D90
Kilcock,Clontarf Road,D90
Kilcock,Dublin Connolly,D90
Kilcock,Tara Street,D90
Kilcock,Dublin Pearse,D90
Kilcock,Grand Canal Dock,D90
Kilcock,Lansdowne Road,D90
Kilcock,Sandymount,D90
Kilcock,Sydney Parade,D90
Kilcock,Booterstown,D90
Kilcock,Blackrock,D90
Kilcock,Seapoint,D90
Kilcock,Salthill and Monkstown,D90
Kilcock,Dun Laoghaire (Mallin),D90
Kilcock,Sandycove and Glasthule,D90
Kilcock,Glenageary,D90
Kilcock,Dalkey,D90
Kilcock,Killiney,D90
Kilcock,Shankill,D90
Kilcock,Bray (Daly),D90
Kilcock,Greystones,D91
Kilcock,Kilcoole,D91
Kilcock,Wicklow,D92
Kilcock,Rathdrum,D93
Kilcock,Docklands,D90
Kilcock,Drumcondra,D90
Kilcock,Broombridge,D90
Kilcock,Pelletstown,D90
Kilcock,Ashtown,D90
Kilcock,Navan Road Parkway,D90
Kilcock,Castleknock,D11
Kilcock,Coolmine,D11
Kilcock,Clonsilla,D11
Kilcock,Hansfield,D11
Kilcock,Dunboyne,D11
Kilcock,M3 Parkway,D11
Kilcock,Leixlip(Confey),D11
Kilcock,Leixlip(Louisa Bridge),D11
Kilcock,Maynooth,D10
Kilcock,Enfield,D11
Enfield,Drogheda (MacBride),D93
Enfield,Laytown,D93
Enfield,Gormanston,D92
Enfield,Balbriggan,D92
Enfield,Skerries,D92
Enfield,Rush and Lusk,D91
Enfield,Donabate,D91
Enfield,Malahide,D91
Enfield,Portmarnock,D91
Enfield,Clongriffin,D91
Enfield,Howth,D91
Enfield,Sutton,D91
Enfield,Bayside,D91
Enfield,Howth Junction and Donaghmede,D91
Enfield,Kilbarrack,D91
Enfield,Raheny,D91
Enfield,Harmonstown,D91
Enfield,Killester,D91
Enfield,Clontarf Road,D91
Enfield,Dublin Connolly,D91
Enfield,Tara Street,D91
Enfield,Dublin Pearse,D91
Enfield,Grand Canal Dock,D91
Enfield,Lansdowne Road,D91
Enfield,Sandymount,D91
Enfield,Sydney Parade,D91
Enfield,Booterstown,D91
Enfield,Blackrock,D91
Enfield,Seapoint,D91
Enfield,Salthill and Monkstown,D91
Enfield,Dun Laoghaire (Mallin),D91
Enfield,Sandycove and Glasthule,D91
Enfield,Glenageary,D91
Enfield,Dalkey,D91
Enfield,Killiney,D91
Enfield,Shankill,D91
Enfield,Bray (Daly),D91
Enfield,Greystones,D92
Enfield,Kilcoole,D92
Enfield,Wicklow,D93
Enfield,Rathdrum,D94
Enfield,Docklands,D91
Enfield,Drumcondra,D91
Enfield,Broombridge,D91
Enfield,Pelletstown,D91
Enfield,Ashtown,D91
Enfield,Navan Road Parkway,D91
Enfield,Castleknock,D91
Enfield,Coolmine,D12
Enfield,Clonsilla,D12
Enfield,Hansfield,D12
Enfield,Dunboyne,D12
Enfield,M3 Parkway,D12
Enfield,Leixlip(Confey),D12
Enfield,Leixlip(Louisa Bridge),D12
Enfield,Maynooth,D11
Enfield,Kilcock,D11
